id,order_id,product_id,product_name,category,quantity,unit_price,discount_pct,line_total
9ac3982c-ae0b-4726-9e6f-69692b562d96,3abbac4f-9372-437e-bb05-8eb04cb5d8d5,c8626acb-92f1-4e4c-8274-e69f2a894a9a,Chaussettes Laine x3,Vetements Homme,4,16.9,5,64.22
f9bbb26c-5702-4985-9b05-5bdc65a9063d,3abbac4f-9372-437e-bb05-8eb04cb5d8d5,917ba3a4-8989-45bc-81c6-8bc0f0ede246,Rouge a Levres Mat,Hygiene & Beaute,3,19.0,0,57.0
a2cada45-cfc4-4417-b515-a67994a0a2fd,3abbac4f-9372-437e-bb05-8eb04cb5d8d5,1c6a443f-f113-4ea5-9a1d-b88b11a124fa,Gants Fitness M,Sport & Plein air,1,18.9,10,17.01
a0b1844c-1bbf-475a-8da4-7421843482a4,3abbac4f-9372-437e-bb05-8eb04cb5d8d5,7cde5453-322a-4db6-9b00-c315dc69f56e,Cafe Premium 250g,Alimentation,4,24.9,10,89.64
54701659-c159-4654-a3e6-9ff9ca36979d,3abbac4f-9372-437e-bb05-8eb04cb5d8d5,cc93cc31-9fee-4ed3-a125-f60cbf8b292f,Bougies LED x6,Maison & Jardin,4,19.9,5,75.62
2863ef45-738d-48a8-b759-a10169efbcde,3abbac4f-9372-437e-bb05-8eb04cb5d8d5,98e84593-be19-46b8-8ed0-e67dbb6f98a1,Serum Vitamine C 30ml,Hygiene & Beaute,4,32.0,10,115.2
cf0a7351-2bbd-4224-ba7b-2e391f97c65d,9b1e2add-c466-4ef3-b866-af0517bcfdde,b000e5a6-5167-4c6b-9616-3330fce1b1e8,Batterie Externe 20000mAh,Electronique,1,39.9,10,35.91
fdaf0dad-9a39-4dad-b9b0-ed8c8b338302,9b1e2add-c466-4ef3-b866-af0517bcfdde,da597ed2-e788-4c91-9c98-bb0d45fb5d78,Marque-pages x10,Librairie & Culture,3,7.9,0,23.7
bfaed3ec-36ec-454f-a95a-d602934b7d7f,9b1e2add-c466-4ef3-b866-af0517bcfdde,b69bbc53-072e-4c83-a233-44678e884b11,Top Basique x2 T40,Vetements Femme,4,29.9,0,119.6
56475436-bfc5-4265-b0d0-7170a17a4fa1,a42123e6-08f6-4e94-8eac-66a5dcc701c5,4be4bb9e-1bc2-42b6-b5cb-175be7b68d66,Webcam Full HD,Electronique,2,79.9,0,159.8
f8809a94-9193-4a98-9aed-1ea35931450a,a42123e6-08f6-4e94-8eac-66a5dcc701c5,39c61fbc-1f8c-42a0-b463-f715b3137c5c,Collants x3 T2,Vetements Femme,4,12.9,0,51.6
f37c4bf8-dd02-41cd-813d-1f866ec8cb15,a42123e6-08f6-4e94-8eac-66a5dcc701c5,ddb5fbc7-1b4f-487a-9db7-314a08d33310,Cle USB 64Go,Informatique,2,14.9,15,25.33
7595af50-d46f-4065-a6bd-71e6cb7e55fb,a42123e6-08f6-4e94-8eac-66a5dcc701c5,2798ff21-b62e-41cc-a2a8-f3e585ee5376,Resistance Elastique x5,Sport & Plein air,4,22.9,0,91.6
02ecacba-7ba1-4eed-a14d-5f3633e4cde7,f48e4bad-a98d-4c48-a20b-a52cfa618ddc,10697d4c-a898-425b-be16-e5e1d0a29076,Livre Apprentissage 3-6ans,Enfants & Jouets,4,14.9,15,50.66
e001f500-f07c-4c54-81c2-3aebe104a7e6,f48e4bad-a98d-4c48-a20b-a52cfa618ddc,e740d34e-12de-4a5d-b98c-29a8bef59e3f,BD Manga Tome 1,Librairie & Culture,2,8.5,0,17.0
09fdc484-e5eb-4e87-921b-1806a04e3fd1,f822bd30-ac71-436d-af0b-664b7f590f52,e740d34e-12de-4a5d-b98c-29a8bef59e3f,BD Manga Tome 1,Librairie & Culture,4,8.5,10,30.6
b0f034ee-307b-420b-b5a7-18fd2ada3c30,f822bd30-ac71-436d-af0b-664b7f590f52,4be4bb9e-1bc2-42b6-b5cb-175be7b68d66,Webcam Full HD,Electronique,3,79.9,10,215.73
9339869c-897f-4c4b-82be-157523874ee5,a6d7c299-466f-431c-a355-1c117854abae,9bd1b170-13cc-447d-ad78-be7c34856051,Cadre Photo Bois 20x30cm,Maison & Jardin,1,18.5,15,15.72
eaaa6c23-a5c4-442a-98ba-48290ff81702,a6d7c299-466f-431c-a355-1c117854abae,c8626acb-92f1-4e4c-8274-e69f2a894a9a,Chaussettes Laine x3,Vetements Homme,4,16.9,10,60.84
91e62eee-fc7b-40b2-a97c-90dbc620b739,c7f28dc6-33d3-4d7a-aac0-011948335d1a,ddb5fbc7-1b4f-487a-9db7-314a08d33310,Cle USB 64Go,Informatique,1,14.9,10,13.41
454577fb-ab9d-4cfe-b534-a227d0e608db,c7f28dc6-33d3-4d7a-aac0-011948335d1a,29a9e8db-6ad8-401c-bb67-fe312321caec,The Vert Bio,Alimentation,3,6.5,0,19.5
f573332f-45bd-4058-9a63-88b41e7ae72e,349cd85d-198e-4a66-8573-532c0e86c6b3,de5969e3-b41b-44d8-a044-dfd64a6eda37,Ecouteurs Bluetooth,Electronique,2,59.9,0,119.8
dbb11a9b-9cd4-4756-afd3-639a69b8cd48,349cd85d-198e-4a66-8573-532c0e86c6b3,d5fe0efe-667c-4122-8758-53fef4ac6d3d,Saumon Fume 100g,Alimentation,4,9.5,5,36.1
87b1219f-731a-488f-977e-26f69f1ba647,349cd85d-198e-4a66-8573-532c0e86c6b3,4139b0d0-99ea-4a85-9a52-bf184ee80bd7,Cable USB-C 2m,Electronique,2,12.9,5,24.51
5dc83ff0-e333-4c24-875b-d0fc6485abb7,349cd85d-198e-4a66-8573-532c0e86c6b3,8aa1e4f4-aae5-4cc4-98db-69787751225e,Short Sport L,Vetements Homme,1,29.9,10,26.91
19cf1f34-48fc-4646-b9c1-c3169c306bb2,349cd85d-198e-4a66-8573-532c0e86c6b3,d96aace6-b874-4a52-b833-fdb260e2e23c,Nappe Coton 140x200cm,Maison & Jardin,1,28.0,0,28.0
ad13f280-4ec7-491d-8508-ebabc09fc0d5,c43c57d9-7ad8-46e9-9b0e-0930db3d9c40,57038056-b884-4263-afbc-ab2436c953a1,Cable HDMI 2m,Informatique,4,18.9,15,64.26
3b146e8e-4d08-450f-a031-3eba842da55f,c43c57d9-7ad8-46e9-9b0e-0930db3d9c40,78eb7e80-11d7-4b1c-ab14-c86b0293c0f4,Deodorant Bio 75ml,Hygiene & Beaute,2,8.9,0,17.8
9e41ba07-da0c-4536-a961-c542d7da81b0,c43c57d9-7ad8-46e9-9b0e-0930db3d9c40,8e71516c-5d57-4a0e-b138-ad2a1f0a5752,Filtre Ecran 27,Informatique,2,39.9,10,71.82
bf605be9-b9ff-482f-9fbb-9c2932eac241,c43c57d9-7ad8-46e9-9b0e-0930db3d9c40,b2d7700d-d5da-41b9-9807-0ae229136ca5,Trottinette 3 roues,Enfants & Jouets,4,69.9,15,237.66
9b92e74a-b677-420c-b103-5d12112b2063,706a644a-d94d-4d35-ba30-c773bcec63aa,4be4bb9e-1bc2-42b6-b5cb-175be7b68d66,Webcam Full HD,Electronique,2,79.9,0,159.8
c0373ee6-e3a2-4201-820c-0171c12e69c0,706a644a-d94d-4d35-ba30-c773bcec63aa,97ab6030-7b11-401c-a327-fe869e97cd1a,Souris sans fil,Electronique,3,35.9,0,107.7
421624cc-a0aa-4309-992c-8a294afed1fc,706a644a-d94d-4d35-ba30-c773bcec63aa,1c730876-e2d5-4a51-afd1-7b1b4f0c16c6,Bidon Velo 600ml,Sport & Plein air,2,14.9,0,29.8
ea3b7090-aaee-4206-920a-cb4cd18475ca,4e4ea915-641a-40e7-a171-c7c4792137a0,97964f62-3dac-4d03-9b25-98b2e481a971,Repose-poignet Gel,Informatique,1,14.9,0,14.9
dabdf7b4-b01f-478b-abeb-316914068b22,4e4ea915-641a-40e7-a171-c7c4792137a0,c8626acb-92f1-4e4c-8274-e69f2a894a9a,Chaussettes Laine x3,Vetements Homme,2,16.9,10,30.42
cc797567-2e26-4d0e-a27e-cb50e8f8f665,4e4ea915-641a-40e7-a171-c7c4792137a0,4f252480-aa7f-4b8e-bf2d-d93e5549c209,Tapis Souris XXL,Informatique,2,22.9,0,45.8
47f89d55-388d-4def-9d29-f33334ea1df1,4e4ea915-641a-40e7-a171-c7c4792137a0,866b0686-48e0-4391-bdc6-1962087695d1,Dinette Bois 15p,Enfants & Jouets,3,39.9,10,107.73
67386074-fe1f-4814-a647-d015751c5e4b,4e4ea915-641a-40e7-a171-c7c4792137a0,9bd1b170-13cc-447d-ad78-be7c34856051,Cadre Photo Bois 20x30cm,Maison & Jardin,3,18.5,0,55.5
e272cba5-b676-4e42-af1a-26696fe3d4d2,4e4ea915-641a-40e7-a171-c7c4792137a0,10697d4c-a898-425b-be16-e5e1d0a29076,Livre Apprentissage 3-6ans,Enfants & Jouets,2,14.9,0,29.8
835ec750-144d-455f-aefe-f0b00fad7273,ba926d5c-97fc-44e1-b87a-baee352a3e8f,b0a95dcf-c2b6-4dc1-8c92-6682e60f1db6,Plante Succulente 12cm,Maison & Jardin,1,9.9,0,9.9
ffba97db-7ba7-405a-87ac-51dec67928ba,ba926d5c-97fc-44e1-b87a-baee352a3e8f,fe54cf3f-3c3f-45bd-9976-e406355c520c,Sac Sport 30L,Sport & Plein air,1,44.9,15,38.16
4c33b8e4-a5ec-4a9d-94ff-d33a1107e1c3,757623c1-27f1-4f4e-809d-23374a2aed07,b00c7319-8ff5-4884-9b70-270bd105fe2b,Jeu de Societe Famille,Enfants & Jouets,1,32.0,0,32.0
6f25b20a-9760-4b9f-bd3a-a190f2bab44a,757623c1-27f1-4f4e-809d-23374a2aed07,917ba3a4-8989-45bc-81c6-8bc0f0ede246,Rouge a Levres Mat,Hygiene & Beaute,1,19.0,5,18.05
17686503-2493-4eea-926b-ce95db8072ff,757623c1-27f1-4f4e-809d-23374a2aed07,57038056-b884-4263-afbc-ab2436c953a1,Cable HDMI 2m,Informatique,2,18.9,10,34.02
341132c2-b938-4947-ae70-6d5cd7ff28eb,e8fb894c-ce59-449f-95aa-63f477723689,671afee4-3ba2-4eb6-bf06-3004d94339c6,Agenda 2024 Cuir,Librairie & Culture,4,24.9,10,89.64
c545325a-4456-46c5-9f24-a9506003086e,e8fb894c-ce59-449f-95aa-63f477723689,a8dfdf6e-d009-4d54-b453-8171273c44eb,Shampooing Keratine 300ml,Hygiene & Beaute,1,13.5,0,13.5
4b69fd66-ce54-4495-99da-27c0cd279a5e,e8fb894c-ce59-449f-95aa-63f477723689,8bc06fa0-0191-41a6-ae1f-da9c97d30f1a,Chemise Oxford M,Vetements Homme,4,54.9,15,186.66
611d25ed-fa51-4a5d-a697-c6fedbf02262,e8fb894c-ce59-449f-95aa-63f477723689,e740d34e-12de-4a5d-b98c-29a8bef59e3f,BD Manga Tome 1,Librairie & Culture,4,8.5,0,34.0
975529f9-406c-4dca-ae78-52f0a2c7d926,e8fb894c-ce59-449f-95aa-63f477723689,c5d9f432-71f0-4abb-8efd-52ebec6d6806,Calecon x2 M,Vetements Homme,1,22.9,10,20.61
dcc9d37a-3ef5-423b-ab30-18bb09c956fd,c5271c43-d776-411d-a035-4bcb499fa93e,064bae16-3088-4ebe-a393-130278960bff,Masque Hydratant 75ml,Hygiene & Beaute,3,24.5,15,62.48
e0ce028b-6c84-4602-ac0c-19cf41b99510,c5271c43-d776-411d-a035-4bcb499fa93e,1ca7da09-9ac2-4d35-8cbf-d5cbbbecd9fc,Gourde Inox 750ml,Sport & Plein air,1,24.9,5,23.65
cf6811d3-240f-4c37-b1e2-d58cbfb80422,c5271c43-d776-411d-a035-4bcb499fa93e,57038056-b884-4263-afbc-ab2436c953a1,Cable HDMI 2m,Informatique,3,18.9,15,48.19
9e2b9a0f-7b3d-4630-9bda-b15d2eeeaa86,d69aab0c-5b85-4b30-81ac-f3a1c3b56826,53d91849-075b-4e7b-b698-ecc816d9f197,Pantalon Tailleur T42,Vetements Femme,4,74.9,5,284.62
0e138f76-d8a1-4dc4-9057-4c7a3683d1a2,d69aab0c-5b85-4b30-81ac-f3a1c3b56826,f32a9b7e-2b33-4534-838c-15f252413c12,Apres-rasage Bois,Hygiene & Beaute,4,22.0,15,74.8
d9d7ae1e-e6d3-4e49-89ae-0e05dae6ff3b,d69aab0c-5b85-4b30-81ac-f3a1c3b56826,1c6a443f-f113-4ea5-9a1d-b88b11a124fa,Gants Fitness M,Sport & Plein air,2,18.9,0,37.8
4f7eadcf-86cf-45c3-aaac-95023badd0c0,d69aab0c-5b85-4b30-81ac-f3a1c3b56826,d16bc416-d44f-4c60-8b27-2ec2a5cf240d,Genouilleres x2,Sport & Plein air,4,22.9,15,77.86
222c0fa0-c879-4e34-b235-d6a475591463,f14d8981-1fc4-4acc-bb49-af7d01c6938e,510db9b3-f3eb-4880-b8c9-6a2ca4832010,Riz Basmati 1kg,Alimentation,2,5.9,0,11.8
3e25baef-6dc7-420d-b254-8dcd4f408e4e,f14d8981-1fc4-4acc-bb49-af7d01c6938e,c7813958-24a2-40f9-bae8-aa4fba47a26f,Montre Connectee Sport,Electronique,2,129.0,0,258.0
b4293bc6-8cf4-4f6e-be4f-02d9ac7949fc,2702cde8-626b-4c9c-b3cc-550eadf85f5f,7cde5453-322a-4db6-9b00-c315dc69f56e,Cafe Premium 250g,Alimentation,2,24.9,0,49.8
2f3e1c2a-be42-4df9-a5f4-e104f0f53994,2702cde8-626b-4c9c-b3cc-550eadf85f5f,864e1b92-332e-46be-aaa1-ed56c7bec90d,Foulard Soie,Vetements Femme,1,28.0,5,26.6
a26f7ed0-4388-443c-8613-e69a35fde73a,2702cde8-626b-4c9c-b3cc-550eadf85f5f,f14e8c71-c3ad-4136-80e5-4cb954c4371d,Support Telephone Voiture,Electronique,4,22.0,10,79.2
31e62b44-251c-4b96-9e63-4255ecb2433e,e7428df3-3df3-4e1a-877c-94a133d4fe84,510db9b3-f3eb-4880-b8c9-6a2ca4832010,Riz Basmati 1kg,Alimentation,3,5.9,5,16.82
7832887a-020e-4aeb-af00-5fc1d7e642b3,e7428df3-3df3-4e1a-877c-94a133d4fe84,04d68a7c-efec-4e2a-9fe1-efcf7a7cdb7b,Livre Recettes Vege,Librairie & Culture,1,28.0,0,28.0
dfecbe20-e0a7-496c-87b4-ef2aed14696a,e94d669d-ad5d-48ef-94bb-37a1cf1845f2,97ab6030-7b11-401c-a327-fe869e97cd1a,Souris sans fil,Electronique,4,35.9,0,143.6
50e040c6-d1e6-40ff-85dd-02db0580f78c,e94d669d-ad5d-48ef-94bb-37a1cf1845f2,f14e8c71-c3ad-4136-80e5-4cb954c4371d,Support Telephone Voiture,Electronique,4,22.0,15,74.8
56cd7b8c-1bcc-4d48-ab0b-8fdf755735b9,e94d669d-ad5d-48ef-94bb-37a1cf1845f2,9eb584ea-c0ca-4f4a-a9be-19a5a1adc51f,Vase Ceramique 25cm,Maison & Jardin,4,32.0,0,128.0
fc5c46bb-9711-462d-b2da-cfedc7495147,42a0acb5-af4e-48c3-8587-838a20d4d75d,cc93cc31-9fee-4ed3-a125-f60cbf8b292f,Bougies LED x6,Maison & Jardin,3,19.9,0,59.7
26b6589f-1db6-49cf-a99b-af6802ac53c0,42a0acb5-af4e-48c3-8587-838a20d4d75d,064bae16-3088-4ebe-a393-130278960bff,Masque Hydratant 75ml,Hygiene & Beaute,2,24.5,10,44.1
9a7e842a-6001-42a9-98d1-1b0ff250a4d6,42a0acb5-af4e-48c3-8587-838a20d4d75d,3c9d9490-d8b2-4232-8727-54e2009847e8,Creme Hydratante 50ml,Hygiene & Beaute,3,18.9,0,56.7
d4f92c5f-dbab-4b4a-81e9-30bf10fcab27,42a0acb5-af4e-48c3-8587-838a20d4d75d,324a464e-c79b-45f8-aa06-8b79a9b74997,Miel Montagne 500g,Alimentation,4,12.0,10,43.2
5b3912e6-1fe6-4683-a22b-c962cc45e5b6,16c200bd-6644-43aa-a371-291c8be48b47,7e47065f-a924-4cbe-9e36-1c904b74e274,Adaptateur USB-A/C,Informatique,3,11.9,0,35.7
51315518-68ec-4ef3-9bdc-ab261786122e,7ab263f7-b57b-44cd-9dd9-adecab5d281f,520cd94f-e81a-4830-b86e-3f53a546dace,Guide Voyage Paris 2024,Librairie & Culture,4,18.9,0,75.6
b867ff9e-1298-4d95-bb6e-a94b1db8a1f3,7ab263f7-b57b-44cd-9dd9-adecab5d281f,761bad86-b047-4953-ae1f-136850ddf0a0,Chronometre Digital,Sport & Plein air,2,19.9,5,37.81
f1383e45-c0fa-42e1-b5c0-b02c012d4203,7ab263f7-b57b-44cd-9dd9-adecab5d281f,864e1b92-332e-46be-aaa1-ed56c7bec90d,Foulard Soie,Vetements Femme,1,28.0,0,28.0
45989237-83cc-4b82-868e-9b079dab02fe,7ab263f7-b57b-44cd-9dd9-adecab5d281f,7153c8b9-4015-413b-8de9-779ff764513c,Lego Classic 500p,Enfants & Jouets,1,44.9,0,44.9
53ae8210-07bc-4a73-831c-cbee1cd088b2,7ab263f7-b57b-44cd-9dd9-adecab5d281f,da597ed2-e788-4c91-9c98-bb0d45fb5d78,Marque-pages x10,Librairie & Culture,1,7.9,5,7.5
1eab78c2-fade-44f2-9ad6-2b1adb22b8ca,aa052d81-08b3-414e-ab8c-2037117bdae9,4139b0d0-99ea-4a85-9a52-bf184ee80bd7,Cable USB-C 2m,Electronique,3,12.9,0,38.7
d57b1385-4452-462a-8689-8cf15b876c1a,c3c97b35-83fd-4ea8-bf99-fa63f2d3c09a,c74c07e9-8e5d-47b2-955e-01d12a25de99,Parfum Floral 50ml,Hygiene & Beaute,2,45.0,0,90.0
14c63f05-6084-402d-b2a4-e7ab93090542,c3c97b35-83fd-4ea8-bf99-fa63f2d3c09a,55f29394-9142-446c-bd17-72da4eeb262f,T-shirt Coton Bio M,Vetements Homme,1,24.9,0,24.9
de882605-2d2b-49f8-b0a3-66df947d2d26,c3c97b35-83fd-4ea8-bf99-fa63f2d3c09a,d11f6661-cd48-4f7e-946e-db1adfcdf96a,Casquette Running,Sport & Plein air,1,19.9,5,18.9
e043b09a-2e99-4bb0-9e7a-e243a6c6f0a7,c3c97b35-83fd-4ea8-bf99-fa63f2d3c09a,d16bc416-d44f-4c60-8b27-2ec2a5cf240d,Genouilleres x2,Sport & Plein air,4,22.9,5,87.02
eee9e32f-74c2-4909-97e8-9325b90bb218,c3c97b35-83fd-4ea8-bf99-fa63f2d3c09a,7153c8b9-4015-413b-8de9-779ff764513c,Lego Classic 500p,Enfants & Jouets,3,44.9,0,134.7
f06a410f-ebe1-4e43-8d33-ec8be7798388,274c2d32-1b73-437d-afc1-1bbb9a89de0a,29a9e8db-6ad8-401c-bb67-fe312321caec,The Vert Bio,Alimentation,4,6.5,15,22.1
68e6237a-e991-4a4c-b494-a3011c3615e9,274c2d32-1b73-437d-afc1-1bbb9a89de0a,cc93cc31-9fee-4ed3-a125-f60cbf8b292f,Bougies LED x6,Maison & Jardin,2,19.9,0,39.8
41b1b3d0-b58b-48ed-880f-4a4c5f747c8a,274c2d32-1b73-437d-afc1-1bbb9a89de0a,d811eb5f-f34c-407a-b79d-dc80b7e58c54,Cahier Dot Grid A5,Librairie & Culture,4,9.9,10,35.64
1452bd95-8fa6-4830-9ddb-4c93928f03d3,274c2d32-1b73-437d-afc1-1bbb9a89de0a,7b86d596-bb3b-461f-a940-e05884ff7f04,Huile Corps 200ml,Hygiene & Beaute,3,16.5,15,42.07
5fec336b-8dc6-4f2e-8ba2-58032f1d0f2c,274c2d32-1b73-437d-afc1-1bbb9a89de0a,01af6c33-ee76-405e-a57d-ac7a2c08b768,Pot Terracotta,Maison & Jardin,2,16.9,0,33.8
ef0a290f-778f-4cd7-a647-602a9bad14ed,274c2d32-1b73-437d-afc1-1bbb9a89de0a,1e68c96e-2a75-49f5-aa8e-131be96519c7,Casque Audio ANC,Electronique,4,189.0,5,718.2
1a6f3ad0-85ce-4380-9ff7-2ff08c0e1bb3,823e36ae-b805-4a24-aa92-331582acb939,864e1b92-332e-46be-aaa1-ed56c7bec90d,Foulard Soie,Vetements Femme,1,28.0,0,28.0
0cc8bf67-b4fd-4ecf-babf-53820635aa19,823e36ae-b805-4a24-aa92-331582acb939,10697d4c-a898-425b-be16-e5e1d0a29076,Livre Apprentissage 3-6ans,Enfants & Jouets,2,14.9,10,26.82
4e0cb5ea-ca16-4201-a71c-0383b31fc612,823e36ae-b805-4a24-aa92-331582acb939,1c730876-e2d5-4a51-afd1-7b1b4f0c16c6,Bidon Velo 600ml,Sport & Plein air,1,14.9,0,14.9
ea6cf86e-c8b9-4712-a0b9-c5a00a0ec3bb,823e36ae-b805-4a24-aa92-331582acb939,e2ad85e7-f8b1-42d8-af4a-3834ab3a955c,Roman Policier Bestseller,Librairie & Culture,3,21.9,0,65.7
dedcb2f3-52a9-4836-ba6c-4d7a2fdd8d22,823e36ae-b805-4a24-aa92-331582acb939,04d68a7c-efec-4e2a-9fe1-efcf7a7cdb7b,Livre Recettes Vege,Librairie & Culture,2,28.0,10,50.4
8e41e5e2-f1f4-43c5-a443-53402cb87f8a,6ce61bb2-b420-40b0-a100-c2fbb3a08edd,6efd53c2-2042-4891-869f-044486bc1ce4,Cartes Postales x20,Librairie & Culture,1,14.9,5,14.15
f425129e-4055-4f03-85a1-9f8cc50c7384,6ce61bb2-b420-40b0-a100-c2fbb3a08edd,9edff71a-2a3e-475c-ac3c-93b59afdfb6d,Jupe Plissee T38,Vetements Femme,2,39.9,0,79.8
c2cf644e-4664-4b5d-8576-63c59743fc7a,6ce61bb2-b420-40b0-a100-c2fbb3a08edd,064bae16-3088-4ebe-a393-130278960bff,Masque Hydratant 75ml,Hygiene & Beaute,1,24.5,15,20.82
6f14bbdf-1bdd-42bc-9fde-2157f9f8b90d,9b848dba-c5eb-4a1d-8204-0978191ea124,176fc13c-276f-4a59-a334-81647b64335f,Fromage AOP 200g,Alimentation,2,11.0,5,20.9
773530c7-68d8-4122-b092-1b5dc3753a6a,9b848dba-c5eb-4a1d-8204-0978191ea124,f5aff64e-4647-4daf-be5a-e6da77e53f50,Polo Pique L,Vetements Homme,2,39.9,15,67.83
6743b2f8-430a-47c4-a70d-61ce1e48ad39,9b848dba-c5eb-4a1d-8204-0978191ea124,ddb5fbc7-1b4f-487a-9db7-314a08d33310,Cle USB 64Go,Informatique,2,14.9,0,29.8
7229088f-6efa-4863-a5b8-38908b8419dd,9b848dba-c5eb-4a1d-8204-0978191ea124,53d91849-075b-4e7b-b698-ecc816d9f197,Pantalon Tailleur T42,Vetements Femme,2,74.9,0,149.8
f2461a42-0a45-4b06-a12c-aa68a364d41b,9b848dba-c5eb-4a1d-8204-0978191ea124,c5665cdb-27e4-45c6-9195-05b42b51244d,Voiture Telecommandee,Enfants & Jouets,1,54.9,0,54.9
8b25d1b9-e935-4421-aa25-09f645806ce7,9b848dba-c5eb-4a1d-8204-0978191ea124,f32a9b7e-2b33-4534-838c-15f252413c12,Apres-rasage Bois,Hygiene & Beaute,3,22.0,0,66.0
8480163f-e79e-4f86-90da-c35086a034b4,96f247d0-0da6-4570-a63e-1783f265c46c,7153c8b9-4015-413b-8de9-779ff764513c,Lego Classic 500p,Enfants & Jouets,3,44.9,5,127.96
309c6fd4-d38a-40fb-8f9f-006ebed2a56c,96f247d0-0da6-4570-a63e-1783f265c46c,9026c423-35c8-48a8-988b-c7cab9d4f263,Coussin Deco 45x45cm,Maison & Jardin,2,24.9,5,47.31
9f8ec000-a661-4f43-aed4-51f2a171c776,ec2923cf-ac7a-4e20-9564-d9ad46f72b5d,a2aa398f-fa8d-4ccf-846e-d797ac5ce4b5,Peluche Lapin 40cm,Enfants & Jouets,4,24.9,0,99.6
be83237c-ab20-46b5-aa48-472295332abd,ec2923cf-ac7a-4e20-9564-d9ad46f72b5d,d811eb5f-f34c-407a-b79d-dc80b7e58c54,Cahier Dot Grid A5,Librairie & Culture,2,9.9,15,16.83
599c5660-3a65-49aa-a6fc-733e36ddce2c,ec2923cf-ac7a-4e20-9564-d9ad46f72b5d,d96aace6-b874-4a52-b833-fdb260e2e23c,Nappe Coton 140x200cm,Maison & Jardin,3,28.0,0,84.0
b085b436-aa3f-4bdc-937f-52a5b696fb31,ec2923cf-ac7a-4e20-9564-d9ad46f72b5d,9b62048c-fac2-42a6-b2c5-f1465a127437,SSD Externe 500Go,Informatique,3,79.9,15,203.75
dc6c6bd4-1919-4eab-b164-96cb5579c3f3,ec2923cf-ac7a-4e20-9564-d9ad46f72b5d,38b659e5-40f5-497d-9e4a-c633ac6e1f12,Puzzle 500 pieces,Enfants & Jouets,4,19.9,0,79.6
6a85ad70-0db2-490d-963d-cbb958c403d8,904680ec-bb0c-4aca-8c49-1fe2c58c2293,85fae7c5-2197-47e3-9704-512935b98f03,Ceinture Cuir 95cm,Vetements Homme,4,28.0,0,112.0
22635b7c-ce52-4b9c-ac1b-9c88a643f9ef,904680ec-bb0c-4aca-8c49-1fe2c58c2293,57038056-b884-4263-afbc-ab2436c953a1,Cable HDMI 2m,Informatique,3,18.9,0,56.7
e645c96d-a652-45fc-a7d1-250038d8498e,904680ec-bb0c-4aca-8c49-1fe2c58c2293,0a53560e-8764-42d9-b54e-3786c7cb1ea5,Veste Legere M,Vetements Homme,3,89.0,5,253.65
9354d5a9-c5c3-47ef-b979-f5108e880092,904680ec-bb0c-4aca-8c49-1fe2c58c2293,c5d9f432-71f0-4abb-8efd-52ebec6d6806,Calecon x2 M,Vetements Homme,4,22.9,10,82.44
7ff8a883-818f-4321-9581-a290458d5501,904680ec-bb0c-4aca-8c49-1fe2c58c2293,9edff71a-2a3e-475c-ac3c-93b59afdfb6d,Jupe Plissee T38,Vetements Femme,2,39.9,0,79.8
c9cf51c5-8712-4e36-9f9a-e4a9f18bc289,904680ec-bb0c-4aca-8c49-1fe2c58c2293,2798ff21-b62e-41cc-a2a8-f3e585ee5376,Resistance Elastique x5,Sport & Plein air,1,22.9,15,19.46
d3bade71-56cd-4a41-8abd-ee80897a7dcd,cc736c5c-d791-4d47-80b0-8a69b733537b,e740d34e-12de-4a5d-b98c-29a8bef59e3f,BD Manga Tome 1,Librairie & Culture,2,8.5,5,16.15
69722f1f-4d02-4cd5-9282-63c85fb96549,cc736c5c-d791-4d47-80b0-8a69b733537b,176fc13c-276f-4a59-a334-81647b64335f,Fromage AOP 200g,Alimentation,4,11.0,5,41.8
182ab551-0a85-4584-9698-f27679aa7bff,cc736c5c-d791-4d47-80b0-8a69b733537b,01af6c33-ee76-405e-a57d-ac7a2c08b768,Pot Terracotta,Maison & Jardin,3,16.9,15,43.09
d7261f5f-8376-4f51-b5dc-7f8e1bd95162,cc736c5c-d791-4d47-80b0-8a69b733537b,1ca7da09-9ac2-4d35-8cbf-d5cbbbecd9fc,Gourde Inox 750ml,Sport & Plein air,3,24.9,5,70.96
15b8148c-dae7-4aa8-9510-2dfe1ea82674,cc736c5c-d791-4d47-80b0-8a69b733537b,8e71516c-5d57-4a0e-b138-ad2a1f0a5752,Filtre Ecran 27,Informatique,4,39.9,0,159.6
d2dadfb1-380b-481b-aa68-de04217a4aeb,cc736c5c-d791-4d47-80b0-8a69b733537b,78eb7e80-11d7-4b1c-ab14-c86b0293c0f4,Deodorant Bio 75ml,Hygiene & Beaute,1,8.9,0,8.9
cd9efa66-dac0-4ee9-a870-980565d2897e,6a95abf0-0bdd-4e1f-9e2d-a36a8adee360,98e84593-be19-46b8-8ed0-e67dbb6f98a1,Serum Vitamine C 30ml,Hygiene & Beaute,1,32.0,0,32.0
8f034fac-6282-4a04-97d1-941b5e29f5e9,6a95abf0-0bdd-4e1f-9e2d-a36a8adee360,55f29394-9142-446c-bd17-72da4eeb262f,T-shirt Coton Bio M,Vetements Homme,2,24.9,0,49.8
bc24f69f-de66-4bdd-9f37-4809278bccbd,6a95abf0-0bdd-4e1f-9e2d-a36a8adee360,b0a95dcf-c2b6-4dc1-8c92-6682e60f1db6,Plante Succulente 12cm,Maison & Jardin,2,9.9,10,17.82
ec647b42-c2c4-4ea3-b0f8-cdd0a1c40026,671875b3-0fc1-4f87-8f47-b94f8e5f3ba1,da597ed2-e788-4c91-9c98-bb0d45fb5d78,Marque-pages x10,Librairie & Culture,3,7.9,10,21.33
f20ecb49-3a96-43cb-89ef-e17ab92312e0,671875b3-0fc1-4f87-8f47-b94f8e5f3ba1,10697d4c-a898-425b-be16-e5e1d0a29076,Livre Apprentissage 3-6ans,Enfants & Jouets,4,14.9,0,59.6
ff012b93-26da-468e-aec3-46cf1d1ddf66,671875b3-0fc1-4f87-8f47-b94f8e5f3ba1,7cde5453-322a-4db6-9b00-c315dc69f56e,Cafe Premium 250g,Alimentation,4,24.9,5,94.62
ff8bb64a-c6e7-40e7-85eb-f602c715a97a,c9db7d20-2f60-4994-9028-1eafa196d316,4f252480-aa7f-4b8e-bf2d-d93e5549c209,Tapis Souris XXL,Informatique,2,22.9,0,45.8
9a20fd83-ca33-47f1-b4ee-da33daecd7d2,c9db7d20-2f60-4994-9028-1eafa196d316,1e68c96e-2a75-49f5-aa8e-131be96519c7,Casque Audio ANC,Electronique,3,189.0,15,481.95
7b7a6cd4-407a-4e24-b223-f2124308f92f,c9db7d20-2f60-4994-9028-1eafa196d316,6efd53c2-2042-4891-869f-044486bc1ce4,Cartes Postales x20,Librairie & Culture,2,14.9,10,26.82
eac4fb71-64ba-4900-9da5-f80f4bcfa7c3,5cc8645b-9712-40d3-a3a9-4f3fbb88f425,7e47065f-a924-4cbe-9e36-1c904b74e274,Adaptateur USB-A/C,Informatique,4,11.9,0,47.6
c5260c69-f852-477f-ab68-0ceed27d6627,5cc8645b-9712-40d3-a3a9-4f3fbb88f425,9026c423-35c8-48a8-988b-c7cab9d4f263,Coussin Deco 45x45cm,Maison & Jardin,2,24.9,0,49.8
9269a53c-24c9-465d-be5b-e24633541355,5cc8645b-9712-40d3-a3a9-4f3fbb88f425,b0a95dcf-c2b6-4dc1-8c92-6682e60f1db6,Plante Succulente 12cm,Maison & Jardin,1,9.9,0,9.9
f25b316d-d781-4e56-9ca8-020eab6b831d,5cc8645b-9712-40d3-a3a9-4f3fbb88f425,e2ad85e7-f8b1-42d8-af4a-3834ab3a955c,Roman Policier Bestseller,Librairie & Culture,4,21.9,0,87.6
7dc67e29-74ef-4418-b611-b5cd901eaa72,42f0a400-f72d-4e02-b6fd-f88788ab659a,0a53560e-8764-42d9-b54e-3786c7cb1ea5,Veste Legere M,Vetements Homme,3,89.0,5,253.65
de58f5ba-3fc0-4bcd-a916-6c267bce6c7a,42f0a400-f72d-4e02-b6fd-f88788ab659a,d811eb5f-f34c-407a-b79d-dc80b7e58c54,Cahier Dot Grid A5,Librairie & Culture,3,9.9,0,29.7
d90ad5e2-70df-4495-b446-1a99306cc784,d366eee4-3e64-4a2e-b095-a10062e7b650,1e68c96e-2a75-49f5-aa8e-131be96519c7,Casque Audio ANC,Electronique,4,189.0,0,756.0
e7c03c95-6d1b-43eb-81f3-b0db59f65b02,d366eee4-3e64-4a2e-b095-a10062e7b650,917ba3a4-8989-45bc-81c6-8bc0f0ede246,Rouge a Levres Mat,Hygiene & Beaute,1,19.0,15,16.15
f6c72e96-6eb5-4ef3-9eb7-50872971dfbb,9eadb7a7-1e2e-4686-8e0b-124cc5a15cab,1727047f-b6d5-4a4d-9b97-44fa2bc7a04a,Nettoyant Ecran 200ml,Informatique,3,9.9,0,29.7
a24b3cdd-3aa9-4536-bb5b-5258b944906c,9eadb7a7-1e2e-4686-8e0b-124cc5a15cab,361412d0-6dd1-4fe2-ac9b-a8defe9d127b,Robe Fleurie T38,Vetements Femme,2,44.9,0,89.8
1d899c8c-23c2-4f89-9dff-72fde7df651b,9eadb7a7-1e2e-4686-8e0b-124cc5a15cab,1c730876-e2d5-4a51-afd1-7b1b4f0c16c6,Bidon Velo 600ml,Sport & Plein air,1,14.9,0,14.9
c5eba53a-a720-4ffc-a5a3-b3cd8fd07de6,9eadb7a7-1e2e-4686-8e0b-124cc5a15cab,8e71516c-5d57-4a0e-b138-ad2a1f0a5752,Filtre Ecran 27,Informatique,2,39.9,0,79.8
85d382b5-5a66-4cbb-94a5-77e9bfcba4da,9eadb7a7-1e2e-4686-8e0b-124cc5a15cab,bfc9b22e-c411-4b6a-9bad-60c66b70c4bb,Pate a Modeler x6,Enfants & Jouets,4,16.9,5,64.22
af8490ef-eef2-43c0-866d-d83d94f32454,71fd9c75-861b-405f-a9cd-3f5330bc656f,1e68c96e-2a75-49f5-aa8e-131be96519c7,Casque Audio ANC,Electronique,4,189.0,15,642.6
0788f2f2-703c-40bb-ba35-a29095631021,71fd9c75-861b-405f-a9cd-3f5330bc656f,acaef059-6b25-4b00-aab6-8e4cad526bff,Crayons Couleur x24,Enfants & Jouets,2,12.9,0,25.8
a65ec391-cddc-4c5e-b68b-8fc0bf726db6,6146f246-cf11-44e6-bf75-7602fd3d312e,8aa1e4f4-aae5-4cc4-98db-69787751225e,Short Sport L,Vetements Homme,3,29.9,0,89.7
0e62b8ab-e0d0-4e7c-a21d-405b962a26df,6146f246-cf11-44e6-bf75-7602fd3d312e,4f252480-aa7f-4b8e-bf2d-d93e5549c209,Tapis Souris XXL,Informatique,4,22.9,15,77.86
658730fd-88bd-4098-9303-7b2ab35012c4,6146f246-cf11-44e6-bf75-7602fd3d312e,10697d4c-a898-425b-be16-e5e1d0a29076,Livre Apprentissage 3-6ans,Enfants & Jouets,2,14.9,0,29.8
83ceb4e8-9625-4ee8-90d6-f790e6d381b2,6146f246-cf11-44e6-bf75-7602fd3d312e,a2aa398f-fa8d-4ccf-846e-d797ac5ce4b5,Peluche Lapin 40cm,Enfants & Jouets,2,24.9,0,49.8
552e4ec6-6e92-42de-a982-f77d5291f593,6146f246-cf11-44e6-bf75-7602fd3d312e,1727047f-b6d5-4a4d-9b97-44fa2bc7a04a,Nettoyant Ecran 200ml,Informatique,2,9.9,0,19.8
b3deb065-4a96-42e1-bd06-de56328798ee,7b3b7356-f79e-42e4-9b44-ec9d3da8042b,ab306a81-903f-4e7a-889d-9a59fda99a8b,Carte SD 128Go,Informatique,1,24.9,10,22.41
b69641ad-353c-4a58-aab5-5318b6fff5e0,7b3b7356-f79e-42e4-9b44-ec9d3da8042b,1727047f-b6d5-4a4d-9b97-44fa2bc7a04a,Nettoyant Ecran 200ml,Informatique,4,9.9,0,39.6
1bd23232-99fa-4a45-8566-5f4f1816789a,7b3b7356-f79e-42e4-9b44-ec9d3da8042b,4f252480-aa7f-4b8e-bf2d-d93e5549c209,Tapis Souris XXL,Informatique,1,22.9,0,22.9
a2048cc0-49a4-4b10-8ed2-c98da7dc26f5,4246c209-6c03-41dd-ac1c-71018f6fcd2d,7153c8b9-4015-413b-8de9-779ff764513c,Lego Classic 500p,Enfants & Jouets,2,44.9,5,85.31
a0e4707d-f44b-430d-8a79-9787817315c7,4246c209-6c03-41dd-ac1c-71018f6fcd2d,d843aeb4-680c-4613-8710-e9a66cd933ee,Huile Olive 1L,Alimentation,4,14.5,0,58.0
2f960399-7b6b-4b7c-8a40-e0a57da35570,4246c209-6c03-41dd-ac1c-71018f6fcd2d,da597ed2-e788-4c91-9c98-bb0d45fb5d78,Marque-pages x10,Librairie & Culture,1,7.9,0,7.9
508b4ae6-fa49-4896-937c-c39f5998df33,4246c209-6c03-41dd-ac1c-71018f6fcd2d,de5969e3-b41b-44d8-a044-dfd64a6eda37,Ecouteurs Bluetooth,Electronique,1,59.9,0,59.9
a7c0c790-d421-4b28-aafd-36a18e3d0550,4246c209-6c03-41dd-ac1c-71018f6fcd2d,8aa1e4f4-aae5-4cc4-98db-69787751225e,Short Sport L,Vetements Homme,4,29.9,0,119.6
a6e20b82-d84c-4c39-8846-eafe538d407c,f3df350d-fc1c-43a5-9dd9-b2109153acfe,b00c7319-8ff5-4884-9b70-270bd105fe2b,Jeu de Societe Famille,Enfants & Jouets,3,32.0,0,96.0
725d0aed-151b-46a1-b91a-13e2919f5ab9,f3df350d-fc1c-43a5-9dd9-b2109153acfe,57038056-b884-4263-afbc-ab2436c953a1,Cable HDMI 2m,Informatique,1,18.9,5,17.95
159efe70-892f-49f7-bbb5-346e9ba0d36c,f3df350d-fc1c-43a5-9dd9-b2109153acfe,2798ff21-b62e-41cc-a2a8-f3e585ee5376,Resistance Elastique x5,Sport & Plein air,3,22.9,0,68.7
cd231250-8cc7-4ff3-b25a-02f7731fe8d4,60186999-60fe-46c9-bba0-af2cb814e0c1,85fae7c5-2197-47e3-9704-512935b98f03,Ceinture Cuir 95cm,Vetements Homme,4,28.0,0,112.0
b63fc6ad-a2dc-4448-827d-35f0fcdef4b4,60186999-60fe-46c9-bba0-af2cb814e0c1,b00c7319-8ff5-4884-9b70-270bd105fe2b,Jeu de Societe Famille,Enfants & Jouets,4,32.0,0,128.0
5b09d6ae-12e8-4c76-ac32-042a174f5363,60186999-60fe-46c9-bba0-af2cb814e0c1,d6506210-2f3d-477e-af3e-7b05ed5e8193,Dentifrice Blancheur,Hygiene & Beaute,4,6.8,0,27.2
7b72c179-dcbd-4a3f-a21e-ea9d2f3337df,60186999-60fe-46c9-bba0-af2cb814e0c1,9eb584ea-c0ca-4f4a-a9be-19a5a1adc51f,Vase Ceramique 25cm,Maison & Jardin,4,32.0,0,128.0
3badae6a-9f21-4ba9-b0db-ab59f4e0559a,60186999-60fe-46c9-bba0-af2cb814e0c1,1c730876-e2d5-4a51-afd1-7b1b4f0c16c6,Bidon Velo 600ml,Sport & Plein air,2,14.9,0,29.8
cdf3ce9b-b34e-46d6-8596-120da936aa55,60186999-60fe-46c9-bba0-af2cb814e0c1,9edff71a-2a3e-475c-ac3c-93b59afdfb6d,Jupe Plissee T38,Vetements Femme,4,39.9,0,159.6
d6e65055-dcff-427d-9b1e-b5e314511c9e,9e0ea702-b6f3-4aaa-9751-1e97338ca2ce,c7813958-24a2-40f9-bae8-aa4fba47a26f,Montre Connectee Sport,Electronique,3,129.0,0,387.0
ce378d16-98f6-4d86-b4f7-831872a4be05,a0850929-77a5-4113-ada7-d17b1fe4e57d,ab306a81-903f-4e7a-889d-9a59fda99a8b,Carte SD 128Go,Informatique,4,24.9,0,99.6
9dc13e1d-8712-4d7c-8a0e-e749aea24f8e,a0850929-77a5-4113-ada7-d17b1fe4e57d,2798ff21-b62e-41cc-a2a8-f3e585ee5376,Resistance Elastique x5,Sport & Plein air,4,22.9,0,91.6
2a34b101-e171-456e-8246-8f41248b3df2,a0850929-77a5-4113-ada7-d17b1fe4e57d,4139b0d0-99ea-4a85-9a52-bf184ee80bd7,Cable USB-C 2m,Electronique,3,12.9,0,38.7
00d0bb29-7636-48c5-b6ac-6da5c297e2d7,a0850929-77a5-4113-ada7-d17b1fe4e57d,7e47065f-a924-4cbe-9e36-1c904b74e274,Adaptateur USB-A/C,Informatique,1,11.9,10,10.71
9c3fabd8-bb07-4336-9d5d-706f93cf450d,a0850929-77a5-4113-ada7-d17b1fe4e57d,9599ec1e-da60-4caa-9dd9-934d27bb5865,Chocolat Noir 200g,Alimentation,4,4.2,0,16.8
d06f01ed-1c4d-4105-8821-344ede6900de,e039b416-faab-43f8-9be9-167b19e53f13,c8626acb-92f1-4e4c-8274-e69f2a894a9a,Chaussettes Laine x3,Vetements Homme,4,16.9,0,67.6
f88b75a3-5682-4a1f-bcb8-113d137ddd54,e039b416-faab-43f8-9be9-167b19e53f13,d96aace6-b874-4a52-b833-fdb260e2e23c,Nappe Coton 140x200cm,Maison & Jardin,3,28.0,0,84.0
8df62523-d6c2-4eb0-b33b-e5636e709919,e039b416-faab-43f8-9be9-167b19e53f13,6efd53c2-2042-4891-869f-044486bc1ce4,Cartes Postales x20,Librairie & Culture,1,14.9,5,14.15
5a8e7b20-e2ec-4cb9-aefc-5fc989f19b56,e039b416-faab-43f8-9be9-167b19e53f13,2798ff21-b62e-41cc-a2a8-f3e585ee5376,Resistance Elastique x5,Sport & Plein air,3,22.9,0,68.7
19190003-6f3a-4749-977e-2948e0679340,0a136125-b25e-40b8-bac2-41cc0bf40beb,463133c4-69e7-4459-8842-db3c346fd495,Bougie Parfumee Vanille,Maison & Jardin,3,14.9,5,42.47
1f9436a8-ca94-46fa-b022-fba5d6911db9,0a136125-b25e-40b8-bac2-41cc0bf40beb,2ae13790-626b-4872-86d1-9ac3982f44ef,Cardigan Long T38,Vetements Femme,3,54.9,5,156.46
7478db04-b33c-4b7a-9b0b-bc96a5ae79d6,0a136125-b25e-40b8-bac2-41cc0bf40beb,de5969e3-b41b-44d8-a044-dfd64a6eda37,Ecouteurs Bluetooth,Electronique,4,59.9,0,239.6
7b006e95-0971-499c-9b60-0fb698652343,0a136125-b25e-40b8-bac2-41cc0bf40beb,761bad86-b047-4953-ae1f-136850ddf0a0,Chronometre Digital,Sport & Plein air,4,19.9,0,79.6
2b9cf7a5-5f9d-454a-b637-883386637f3a,0a136125-b25e-40b8-bac2-41cc0bf40beb,3f398058-4f08-47e3-b135-42c66d22b99e,Enceinte Portable IP67,Electronique,1,49.9,10,44.91
718dd0af-b88f-488a-9f90-3d81911b5ac7,0a136125-b25e-40b8-bac2-41cc0bf40beb,4df4efe8-4f37-4322-a64b-ae3f8be676f8,Blouse Soie T36,Vetements Femme,1,64.9,15,55.17
d07d9260-1da8-4869-a600-09f4a426450e,f3f06fba-3c75-47d5-8909-30a36aa17f46,39c61fbc-1f8c-42a0-b463-f715b3137c5c,Collants x3 T2,Vetements Femme,2,12.9,15,21.93
69d6ffd5-0803-45a7-831d-fc274aad9bd0,f3f06fba-3c75-47d5-8909-30a36aa17f46,510db9b3-f3eb-4880-b8c9-6a2ca4832010,Riz Basmati 1kg,Alimentation,4,5.9,15,20.06
0a1eaf87-befe-4c86-9688-b17c7a7d6a75,f3f06fba-3c75-47d5-8909-30a36aa17f46,61a65568-b49d-48e6-a0db-a3bfa0a08530,Pyjama Coton T36,Vetements Femme,4,34.9,10,125.64
1b4e6e7c-744c-4005-aba6-f1ab171e8228,f3f06fba-3c75-47d5-8909-30a36aa17f46,d11f6661-cd48-4f7e-946e-db1adfcdf96a,Casquette Running,Sport & Plein air,4,19.9,0,79.6
a14be348-7ad1-4546-adad-a224ff0896b4,5aa9b36f-eb89-495a-9ddf-760b0418d80b,98e84593-be19-46b8-8ed0-e67dbb6f98a1,Serum Vitamine C 30ml,Hygiene & Beaute,2,32.0,0,64.0
ac3187a6-26b6-43f7-bb65-840d437a5927,5aa9b36f-eb89-495a-9ddf-760b0418d80b,b69bbc53-072e-4c83-a233-44678e884b11,Top Basique x2 T40,Vetements Femme,1,29.9,0,29.9
b6a23214-256f-4a9a-a561-293df5da0b5f,5aa9b36f-eb89-495a-9ddf-760b0418d80b,d843aeb4-680c-4613-8710-e9a66cd933ee,Huile Olive 1L,Alimentation,2,14.5,0,29.0
473e5aba-dac7-472f-8b92-1501fe5d7639,5aa9b36f-eb89-495a-9ddf-760b0418d80b,1c730876-e2d5-4a51-afd1-7b1b4f0c16c6,Bidon Velo 600ml,Sport & Plein air,4,14.9,15,50.66
a162cb13-25b2-4c7a-95ad-a4e80ae5d021,0f0b2d32-e56a-4078-961e-1c293d60ebc4,38b659e5-40f5-497d-9e4a-c633ac6e1f12,Puzzle 500 pieces,Enfants & Jouets,4,19.9,10,71.64
dc1dcbc5-0e16-40be-ba8a-86aff4a37edb,0f0b2d32-e56a-4078-961e-1c293d60ebc4,97964f62-3dac-4d03-9b25-98b2e481a971,Repose-poignet Gel,Informatique,2,14.9,0,29.8
c4f7b17d-60fd-48e4-bbf8-cd74244701d4,0f0b2d32-e56a-4078-961e-1c293d60ebc4,b000e5a6-5167-4c6b-9616-3330fce1b1e8,Batterie Externe 20000mAh,Electronique,2,39.9,0,79.8
2531b3dd-d6f7-4151-9081-a72f63e4eff9,0f0b2d32-e56a-4078-961e-1c293d60ebc4,29a9e8db-6ad8-401c-bb67-fe312321caec,The Vert Bio,Alimentation,1,6.5,0,6.5
7a77de8b-f09f-4aa1-a51f-f00f7b3dce50,0f0b2d32-e56a-4078-961e-1c293d60ebc4,e2ad85e7-f8b1-42d8-af4a-3834ab3a955c,Roman Policier Bestseller,Librairie & Culture,4,21.9,5,83.22
86dc67ee-89bf-4760-8203-a25cd007e060,9d8ab248-16c8-4229-b660-86bee9a92c82,65e63e2c-d330-45cf-8314-afa60fac661b,Corde a Sauter Pro,Sport & Plein air,3,16.9,0,50.7
5f7de654-bca7-4e5a-b1f5-6fc7b41889c5,9d8ab248-16c8-4229-b660-86bee9a92c82,e740d34e-12de-4a5d-b98c-29a8bef59e3f,BD Manga Tome 1,Librairie & Culture,4,8.5,10,30.6
12fb01a5-3985-44ea-be70-298d8f2daa8a,9d8ab248-16c8-4229-b660-86bee9a92c82,85fae7c5-2197-47e3-9704-512935b98f03,Ceinture Cuir 95cm,Vetements Homme,4,28.0,15,95.2
99bb4a66-fd9c-4293-9ce5-189bdd0e37b9,9d8ab248-16c8-4229-b660-86bee9a92c82,9eb584ea-c0ca-4f4a-a9be-19a5a1adc51f,Vase Ceramique 25cm,Maison & Jardin,2,32.0,10,57.6
8b46149e-fe6d-4f99-80d6-0e0eb2e1fd29,9d8ab248-16c8-4229-b660-86bee9a92c82,f527c161-5d8d-43b9-8ce4-af667a91f42b,Tapis Yoga Antiderapant,Sport & Plein air,2,34.9,0,69.8
cd6eff4b-3033-4c14-93c2-bd9e94c5dbc9,e8d23449-629e-4e6b-83e5-5594139794b5,1b0588e4-76ce-46c2-bc64-96c88d0a1f08,Lampe Bureau LED,Maison & Jardin,3,39.9,0,119.7
6b0b7e87-a5d6-4d4b-81b2-f936b27cb834,e8d23449-629e-4e6b-83e5-5594139794b5,b0a95dcf-c2b6-4dc1-8c92-6682e60f1db6,Plante Succulente 12cm,Maison & Jardin,4,9.9,0,39.6
7796bcb7-b432-4ead-acc2-e12cfce62f6b,e8d23449-629e-4e6b-83e5-5594139794b5,d6506210-2f3d-477e-af3e-7b05ed5e8193,Dentifrice Blancheur,Hygiene & Beaute,2,6.8,10,12.24
bd3ae3d7-c22e-4a7a-aff5-993cb0dce2e9,b4ad63b0-b8ad-44b7-a2d7-402058ab61cd,49b860d3-8db0-4bec-9423-a58cf287af26,Confiture Artisanale 350g,Alimentation,4,7.2,5,27.36
f0d323b5-ee07-4fe2-9c66-a1b1ca247048,b4ad63b0-b8ad-44b7-a2d7-402058ab61cd,ab306a81-903f-4e7a-889d-9a59fda99a8b,Carte SD 128Go,Informatique,3,24.9,0,74.7
855e692c-bb17-4e3e-8852-2c7e4f88b338,b4ad63b0-b8ad-44b7-a2d7-402058ab61cd,8e71516c-5d57-4a0e-b138-ad2a1f0a5752,Filtre Ecran 27,Informatique,1,39.9,0,39.9
0836d2cf-2cf5-4f9e-b0d7-b540bd6db90e,b4ad63b0-b8ad-44b7-a2d7-402058ab61cd,921d0b8d-f098-4b94-8af6-502274942eed,Legging Sport T40,Vetements Femme,3,32.9,0,98.7
b0ed3e5d-8528-4b8b-9aaa-f114f4c0f39d,b4ad63b0-b8ad-44b7-a2d7-402058ab61cd,1b0588e4-76ce-46c2-bc64-96c88d0a1f08,Lampe Bureau LED,Maison & Jardin,2,39.9,5,75.81
5da5510f-c2a1-4cad-9e0b-e61fd346b60f,b4ad63b0-b8ad-44b7-a2d7-402058ab61cd,b00c7319-8ff5-4884-9b70-270bd105fe2b,Jeu de Societe Famille,Enfants & Jouets,2,32.0,10,57.6
a17bbd40-3f98-4432-8c5b-34f28c8e2e25,e97d4021-300c-4bb1-95fc-5855a85c8bb6,2798ff21-b62e-41cc-a2a8-f3e585ee5376,Resistance Elastique x5,Sport & Plein air,4,22.9,0,91.6
9ef7a1db-4841-4b07-9e21-0e5a32891e93,e97d4021-300c-4bb1-95fc-5855a85c8bb6,8bc06fa0-0191-41a6-ae1f-da9c97d30f1a,Chemise Oxford M,Vetements Homme,2,54.9,15,93.33
e672d057-0e87-4c83-968b-d203d9923bf8,e97d4021-300c-4bb1-95fc-5855a85c8bb6,3c9d9490-d8b2-4232-8727-54e2009847e8,Creme Hydratante 50ml,Hygiene & Beaute,3,18.9,0,56.7
a1ac03f0-5390-4a0d-a91a-5b7e61497061,034a056f-a2aa-41fb-86da-cab96de6a399,864e1b92-332e-46be-aaa1-ed56c7bec90d,Foulard Soie,Vetements Femme,1,28.0,0,28.0
1a1ddd03-0b99-486b-94c2-f3655348c79a,034a056f-a2aa-41fb-86da-cab96de6a399,c8626acb-92f1-4e4c-8274-e69f2a894a9a,Chaussettes Laine x3,Vetements Homme,2,16.9,5,32.11
d51dd1ba-f435-45c9-8aaa-b42c94f2f6cc,db6b04d0-7832-4c16-963f-6608a4876a7b,0a53560e-8764-42d9-b54e-3786c7cb1ea5,Veste Legere M,Vetements Homme,1,89.0,15,75.65
227de695-7d00-41c6-98ef-97dd0e30e2f5,db6b04d0-7832-4c16-963f-6608a4876a7b,1c730876-e2d5-4a51-afd1-7b1b4f0c16c6,Bidon Velo 600ml,Sport & Plein air,2,14.9,10,26.82
fea979ad-28ff-4a6d-ac24-8eb78be77f2c,db6b04d0-7832-4c16-963f-6608a4876a7b,98e84593-be19-46b8-8ed0-e67dbb6f98a1,Serum Vitamine C 30ml,Hygiene & Beaute,4,32.0,10,115.2
62c39110-cc23-43c8-9413-93d8be710c74,6f5cf7a6-b512-43cf-890d-8b98d8179d92,b000e5a6-5167-4c6b-9616-3330fce1b1e8,Batterie Externe 20000mAh,Electronique,2,39.9,0,79.8
e92dd32b-f9ab-4f8b-842e-aa35970f9afb,84907fcc-6004-43ac-b41e-18bf3cb68af7,f527c161-5d8d-43b9-8ce4-af667a91f42b,Tapis Yoga Antiderapant,Sport & Plein air,1,34.9,0,34.9
1b41d19e-27f4-4cbc-ae4e-a73de251d2c5,84907fcc-6004-43ac-b41e-18bf3cb68af7,c8626acb-92f1-4e4c-8274-e69f2a894a9a,Chaussettes Laine x3,Vetements Homme,1,16.9,5,16.05
91bd41a9-f72f-4031-a1b4-76f7facade8a,3e000ae7-9570-4131-a9d5-96e5f9c2d0d7,9b62048c-fac2-42a6-b2c5-f1465a127437,SSD Externe 500Go,Informatique,2,79.9,10,143.82
8725dc5a-532a-461b-9816-9bf0c6e0651b,3e000ae7-9570-4131-a9d5-96e5f9c2d0d7,671afee4-3ba2-4eb6-bf06-3004d94339c6,Agenda 2024 Cuir,Librairie & Culture,4,24.9,10,89.64
bc4ff451-c70c-4064-bbc7-757a3e0e455d,3e000ae7-9570-4131-a9d5-96e5f9c2d0d7,c8626acb-92f1-4e4c-8274-e69f2a894a9a,Chaussettes Laine x3,Vetements Homme,2,16.9,15,28.73
ae783f0d-5952-4b04-85fc-946ca0ac6d77,eb8b23be-5c79-474b-a607-aed75c3142f2,463133c4-69e7-4459-8842-db3c346fd495,Bougie Parfumee Vanille,Maison & Jardin,1,14.9,5,14.15
3b83c5e1-239b-427d-878d-bb7fcbb3af5a,eb8b23be-5c79-474b-a607-aed75c3142f2,b000e5a6-5167-4c6b-9616-3330fce1b1e8,Batterie Externe 20000mAh,Electronique,2,39.9,10,71.82
59b6d39c-acb2-4e14-a879-0f5046c01ba4,eb8b23be-5c79-474b-a607-aed75c3142f2,b0a95dcf-c2b6-4dc1-8c92-6682e60f1db6,Plante Succulente 12cm,Maison & Jardin,1,9.9,0,9.9
e21d6c10-28d0-4477-9c10-f12be67b5c07,eb8b23be-5c79-474b-a607-aed75c3142f2,a2aa398f-fa8d-4ccf-846e-d797ac5ce4b5,Peluche Lapin 40cm,Enfants & Jouets,2,24.9,0,49.8
500163d3-46a1-4c1d-a837-09dcff0af7e3,408d2d04-cc0a-4c76-9b40-15ad7bc20249,9bd1b170-13cc-447d-ad78-be7c34856051,Cadre Photo Bois 20x30cm,Maison & Jardin,2,18.5,0,37.0
3f4edb54-9bda-48f7-9097-3eb340184c3f,408d2d04-cc0a-4c76-9b40-15ad7bc20249,e1c1d613-5938-41a1-bf3f-856b675f620a,Pates Artisanales 500g,Alimentation,3,3.8,15,9.69
e0d9eb0f-b80f-4b77-801d-75d10a82f3d0,408d2d04-cc0a-4c76-9b40-15ad7bc20249,d5fe0efe-667c-4122-8758-53fef4ac6d3d,Saumon Fume 100g,Alimentation,2,9.5,0,19.0
578770e8-bdae-43fc-9630-de2309c7ccee,408d2d04-cc0a-4c76-9b40-15ad7bc20249,61a65568-b49d-48e6-a0db-a3bfa0a08530,Pyjama Coton T36,Vetements Femme,4,34.9,5,132.62
8d38bcaa-4884-4da9-b74a-7e3eb2f59614,7bc59f7e-e01c-4a54-9b05-6097888229a9,1c730876-e2d5-4a51-afd1-7b1b4f0c16c6,Bidon Velo 600ml,Sport & Plein air,2,14.9,0,29.8
3ecfbf0a-b733-4c84-b9d9-494890d47be1,7bc59f7e-e01c-4a54-9b05-6097888229a9,97ab6030-7b11-401c-a327-fe869e97cd1a,Souris sans fil,Electronique,2,35.9,15,61.03
909d353e-c0fb-4311-967b-fba994fcc498,7bc59f7e-e01c-4a54-9b05-6097888229a9,65e63e2c-d330-45cf-8314-afa60fac661b,Corde a Sauter Pro,Sport & Plein air,1,16.9,15,14.36
8d44b30f-d350-4456-afd6-44d0bbd9c9b1,7bc59f7e-e01c-4a54-9b05-6097888229a9,c5d9f432-71f0-4abb-8efd-52ebec6d6806,Calecon x2 M,Vetements Homme,4,22.9,10,82.44
febeb270-b1f4-4aaa-a391-22cfeaf48ee1,7bc59f7e-e01c-4a54-9b05-6097888229a9,361412d0-6dd1-4fe2-ac9b-a8defe9d127b,Robe Fleurie T38,Vetements Femme,3,44.9,0,134.7
afc853e9-7368-4809-b002-caf40eb65aa4,7bc59f7e-e01c-4a54-9b05-6097888229a9,9eb584ea-c0ca-4f4a-a9be-19a5a1adc51f,Vase Ceramique 25cm,Maison & Jardin,1,32.0,15,27.2
30049b80-ec6b-4f7d-a997-63c3914e751b,18810be0-831b-4f59-a8b5-907ff5b6ff5c,ab306a81-903f-4e7a-889d-9a59fda99a8b,Carte SD 128Go,Informatique,2,24.9,15,42.33
e3e85730-53e4-409d-b84b-d9927a2c1d08,18810be0-831b-4f59-a8b5-907ff5b6ff5c,1c6a443f-f113-4ea5-9a1d-b88b11a124fa,Gants Fitness M,Sport & Plein air,3,18.9,15,48.19
3484acdf-e42b-4b7c-a941-60afd22e8129,18810be0-831b-4f59-a8b5-907ff5b6ff5c,d16bc416-d44f-4c60-8b27-2ec2a5cf240d,Genouilleres x2,Sport & Plein air,1,22.9,15,19.46
d4862def-aced-4a64-90f4-bd61a8eab55d,18810be0-831b-4f59-a8b5-907ff5b6ff5c,acaef059-6b25-4b00-aab6-8e4cad526bff,Crayons Couleur x24,Enfants & Jouets,2,12.9,15,21.93
c6c8c88d-a86c-4ae2-bc2c-021b9f9d00f8,c5934c71-6b99-4f9f-86a6-f2b85de7b3fb,361412d0-6dd1-4fe2-ac9b-a8defe9d127b,Robe Fleurie T38,Vetements Femme,3,44.9,5,127.96
bed87ad2-653a-481f-a20f-082f3b077dc9,c5934c71-6b99-4f9f-86a6-f2b85de7b3fb,a2e73e48-39c0-4e54-92c4-177638ddeb2c,Hub USB-C 7 ports,Electronique,1,44.9,0,44.9
c7da1de8-7819-4318-afa7-7e317f0b253b,c5934c71-6b99-4f9f-86a6-f2b85de7b3fb,78eb7e80-11d7-4b1c-ab14-c86b0293c0f4,Deodorant Bio 75ml,Hygiene & Beaute,3,8.9,5,25.37
75d7a267-ef5a-4c78-a14c-01d27320d981,c5934c71-6b99-4f9f-86a6-f2b85de7b3fb,ab306a81-903f-4e7a-889d-9a59fda99a8b,Carte SD 128Go,Informatique,3,24.9,5,70.96
ff3224ea-3efb-4116-9fea-11c9ddb903e7,c5934c71-6b99-4f9f-86a6-f2b85de7b3fb,c8626acb-92f1-4e4c-8274-e69f2a894a9a,Chaussettes Laine x3,Vetements Homme,4,16.9,0,67.6
aea1d763-a8dd-4251-baf0-66ac508a2bdb,6e446825-b375-43d3-bf43-860e1013c378,49b860d3-8db0-4bec-9423-a58cf287af26,Confiture Artisanale 350g,Alimentation,2,7.2,0,14.4
5e14e914-4962-483a-b216-fef62de25259,6e446825-b375-43d3-bf43-860e1013c378,b0a95dcf-c2b6-4dc1-8c92-6682e60f1db6,Plante Succulente 12cm,Maison & Jardin,1,9.9,0,9.9
1275ab3d-2cb3-4c03-acce-255594e880b4,ab04f116-dfee-403b-aa80-fe065c89cdbe,4df4efe8-4f37-4322-a64b-ae3f8be676f8,Blouse Soie T36,Vetements Femme,2,64.9,10,116.82
2633f5e7-b615-4257-bbd3-903ef33960bd,ab04f116-dfee-403b-aa80-fe065c89cdbe,9b62048c-fac2-42a6-b2c5-f1465a127437,SSD Externe 500Go,Informatique,3,79.9,10,215.73
02deec79-9d9d-4446-b354-287cc33c6f3d,ab04f116-dfee-403b-aa80-fe065c89cdbe,d96aace6-b874-4a52-b833-fdb260e2e23c,Nappe Coton 140x200cm,Maison & Jardin,1,28.0,0,28.0
ae4f93c4-01cb-4f60-a6ea-5e86cbb00b48,ab04f116-dfee-403b-aa80-fe065c89cdbe,917ba3a4-8989-45bc-81c6-8bc0f0ede246,Rouge a Levres Mat,Hygiene & Beaute,1,19.0,10,17.1
c8a092f6-6408-4267-b030-2dbe08656c00,ab04f116-dfee-403b-aa80-fe065c89cdbe,3c9d9490-d8b2-4232-8727-54e2009847e8,Creme Hydratante 50ml,Hygiene & Beaute,3,18.9,0,56.7
9eadeefa-5fd3-4f03-bc36-0f668a123da9,ab04f116-dfee-403b-aa80-fe065c89cdbe,d11f6661-cd48-4f7e-946e-db1adfcdf96a,Casquette Running,Sport & Plein air,1,19.9,0,19.9
8c392f7b-4f3b-424a-a52a-92dc78786cf2,401958a4-f4b1-43c8-a3c7-0a05b07f359f,61a65568-b49d-48e6-a0db-a3bfa0a08530,Pyjama Coton T36,Vetements Femme,1,34.9,15,29.66
a8115e6c-ce81-4090-81b7-9f565997d587,401958a4-f4b1-43c8-a3c7-0a05b07f359f,510db9b3-f3eb-4880-b8c9-6a2ca4832010,Riz Basmati 1kg,Alimentation,3,5.9,0,17.7
4f407e20-a86a-4712-8332-9c73b1174ef0,619af922-bc47-49d9-a8e5-fcbdc56dbd02,9599ec1e-da60-4caa-9dd9-934d27bb5865,Chocolat Noir 200g,Alimentation,1,4.2,10,3.78
651e4fe1-1206-4539-ad93-92bf73885ce4,619af922-bc47-49d9-a8e5-fcbdc56dbd02,f585c792-4c3b-4b38-bc6f-a76604b54899,Pull Col V XL,Vetements Homme,2,49.9,10,89.82
51e9175e-89f0-4c69-87b7-8cf1fc9a4019,619af922-bc47-49d9-a8e5-fcbdc56dbd02,38b659e5-40f5-497d-9e4a-c633ac6e1f12,Puzzle 500 pieces,Enfants & Jouets,4,19.9,0,79.6
96c8d7dd-5512-48df-897d-7001163bbebf,619af922-bc47-49d9-a8e5-fcbdc56dbd02,2798ff21-b62e-41cc-a2a8-f3e585ee5376,Resistance Elastique x5,Sport & Plein air,2,22.9,0,45.8
4c4e01c5-c061-45c4-98d3-50d2b853600b,619af922-bc47-49d9-a8e5-fcbdc56dbd02,9b62048c-fac2-42a6-b2c5-f1465a127437,SSD Externe 500Go,Informatique,3,79.9,5,227.72
ba589d3d-1d23-4042-8ba9-9a3b77780272,619af922-bc47-49d9-a8e5-fcbdc56dbd02,921d0b8d-f098-4b94-8af6-502274942eed,Legging Sport T40,Vetements Femme,4,32.9,0,131.6
b53795bc-0d80-40fb-bcda-9b54f3826fac,b3254b0e-f058-4703-944a-0205d7166c72,f32a9b7e-2b33-4534-838c-15f252413c12,Apres-rasage Bois,Hygiene & Beaute,1,22.0,0,22.0
1dec2963-4bee-4478-ab4b-dfa12b66cd1d,b3254b0e-f058-4703-944a-0205d7166c72,866b0686-48e0-4391-bdc6-1962087695d1,Dinette Bois 15p,Enfants & Jouets,4,39.9,5,151.62
b572b81a-0347-46bb-8041-e54a586e94ba,b3254b0e-f058-4703-944a-0205d7166c72,61a65568-b49d-48e6-a0db-a3bfa0a08530,Pyjama Coton T36,Vetements Femme,2,34.9,0,69.8
d89c6ac0-7806-427d-90e0-4a417ba7de98,b3254b0e-f058-4703-944a-0205d7166c72,463133c4-69e7-4459-8842-db3c346fd495,Bougie Parfumee Vanille,Maison & Jardin,4,14.9,0,59.6
1765eec5-cae6-4de2-a93b-67cace5dc469,4c92186c-8d27-46c9-b73d-0e0710766201,c5d9f432-71f0-4abb-8efd-52ebec6d6806,Calecon x2 M,Vetements Homme,1,22.9,5,21.75
f2dd3217-5e8a-40ac-958e-7d24e20373f0,4c92186c-8d27-46c9-b73d-0e0710766201,53d91849-075b-4e7b-b698-ecc816d9f197,Pantalon Tailleur T42,Vetements Femme,2,74.9,10,134.82
9ccc1dd2-9e51-4796-8555-024ec263c31d,4c92186c-8d27-46c9-b73d-0e0710766201,761bad86-b047-4953-ae1f-136850ddf0a0,Chronometre Digital,Sport & Plein air,2,19.9,15,33.83
e443a567-f88f-4f8e-9cc7-0b15c576d75b,4c92186c-8d27-46c9-b73d-0e0710766201,1727047f-b6d5-4a4d-9b97-44fa2bc7a04a,Nettoyant Ecran 200ml,Informatique,2,9.9,0,19.8
7ef126c9-31b9-4e6c-8502-d776632a25b1,fe28e4d6-f004-40ab-a1f8-881c5f357012,bfc9b22e-c411-4b6a-9bad-60c66b70c4bb,Pate a Modeler x6,Enfants & Jouets,2,16.9,0,33.8
b23ec7f1-ace6-4267-b318-518e03e93902,fe28e4d6-f004-40ab-a1f8-881c5f357012,f32a9b7e-2b33-4534-838c-15f252413c12,Apres-rasage Bois,Hygiene & Beaute,2,22.0,10,39.6
d99cb1ce-ba53-4ad4-8f79-800be9e45bfa,fe28e4d6-f004-40ab-a1f8-881c5f357012,1e68c96e-2a75-49f5-aa8e-131be96519c7,Casque Audio ANC,Electronique,1,189.0,5,179.55
89d63bc3-cf31-4fb6-8d34-95c5da8e9e97,fe28e4d6-f004-40ab-a1f8-881c5f357012,361412d0-6dd1-4fe2-ac9b-a8defe9d127b,Robe Fleurie T38,Vetements Femme,2,44.9,0,89.8
9b8c0761-0577-4434-b264-9b1d5423287e,fe28e4d6-f004-40ab-a1f8-881c5f357012,c8626acb-92f1-4e4c-8274-e69f2a894a9a,Chaussettes Laine x3,Vetements Homme,1,16.9,15,14.36
f9410539-4a82-483a-977a-641bfb6aadca,b0629da3-4ff8-457b-90a2-2de0f9a9f7f8,c74c07e9-8e5d-47b2-955e-01d12a25de99,Parfum Floral 50ml,Hygiene & Beaute,3,45.0,5,128.25
073f900c-3cb5-437e-9d2d-c9fb929ad49d,b0629da3-4ff8-457b-90a2-2de0f9a9f7f8,53d91849-075b-4e7b-b698-ecc816d9f197,Pantalon Tailleur T42,Vetements Femme,3,74.9,10,202.23
1ccd3282-92a7-4436-b0ae-2e4771bffa75,b0629da3-4ff8-457b-90a2-2de0f9a9f7f8,f585c792-4c3b-4b38-bc6f-a76604b54899,Pull Col V XL,Vetements Homme,1,49.9,0,49.9
f5189437-f3a5-47e0-b27d-c532f1f1737d,b0629da3-4ff8-457b-90a2-2de0f9a9f7f8,c8626acb-92f1-4e4c-8274-e69f2a894a9a,Chaussettes Laine x3,Vetements Homme,3,16.9,15,43.09
17243cb0-08cb-447c-aad4-afd1b858d7fc,f247604f-3050-49f2-84de-aea05e7dc8ff,d5fe0efe-667c-4122-8758-53fef4ac6d3d,Saumon Fume 100g,Alimentation,4,9.5,5,36.1
39f5c3ab-0b77-46e4-a8c1-3a832bee5244,f247604f-3050-49f2-84de-aea05e7dc8ff,acaef059-6b25-4b00-aab6-8e4cad526bff,Crayons Couleur x24,Enfants & Jouets,3,12.9,10,34.83
2f2158a4-f483-4da1-acf5-a4c9bf0e05ba,f247604f-3050-49f2-84de-aea05e7dc8ff,9b62048c-fac2-42a6-b2c5-f1465a127437,SSD Externe 500Go,Informatique,2,79.9,0,159.8
4993df82-5621-4461-9588-06fa1ea4cb55,f247604f-3050-49f2-84de-aea05e7dc8ff,9bd1b170-13cc-447d-ad78-be7c34856051,Cadre Photo Bois 20x30cm,Maison & Jardin,4,18.5,15,62.9
21cd6992-fc95-4501-8c01-935520bbd9a8,f247604f-3050-49f2-84de-aea05e7dc8ff,0a53560e-8764-42d9-b54e-3786c7cb1ea5,Veste Legere M,Vetements Homme,4,89.0,15,302.6
9992128c-e902-4d66-8fd3-196a8eb018be,f247604f-3050-49f2-84de-aea05e7dc8ff,1c730876-e2d5-4a51-afd1-7b1b4f0c16c6,Bidon Velo 600ml,Sport & Plein air,1,14.9,0,14.9
3a951d04-d6f4-4e6a-925e-a5dc9d911f94,efb02d04-cbe8-45ef-a40d-2ec79bc9c951,d96aace6-b874-4a52-b833-fdb260e2e23c,Nappe Coton 140x200cm,Maison & Jardin,3,28.0,0,84.0
c9c5e8f5-95e5-469b-99ba-af2b74547239,efb02d04-cbe8-45ef-a40d-2ec79bc9c951,d843aeb4-680c-4613-8710-e9a66cd933ee,Huile Olive 1L,Alimentation,1,14.5,0,14.5
4e647e55-aeb4-4cc3-881d-67bbc351666d,efb02d04-cbe8-45ef-a40d-2ec79bc9c951,4139b0d0-99ea-4a85-9a52-bf184ee80bd7,Cable USB-C 2m,Electronique,4,12.9,10,46.44
fee4b245-c044-436e-b2a2-2b4c17b8491e,efb02d04-cbe8-45ef-a40d-2ec79bc9c951,866b0686-48e0-4391-bdc6-1962087695d1,Dinette Bois 15p,Enfants & Jouets,2,39.9,0,79.8
e2d764a6-d868-41bb-b837-c983436b02ea,efb02d04-cbe8-45ef-a40d-2ec79bc9c951,97964f62-3dac-4d03-9b25-98b2e481a971,Repose-poignet Gel,Informatique,2,14.9,0,29.8
d248d9ba-0f7d-4ab8-90eb-f8d825b659a3,085df147-ab5b-4c07-819b-80757f3ebae6,57038056-b884-4263-afbc-ab2436c953a1,Cable HDMI 2m,Informatique,3,18.9,0,56.7
713be17e-2ca3-4440-a8cc-3ed4cd81cab8,085df147-ab5b-4c07-819b-80757f3ebae6,3c9d9490-d8b2-4232-8727-54e2009847e8,Creme Hydratante 50ml,Hygiene & Beaute,1,18.9,0,18.9
d8f6d9c6-ea2a-4fa8-b1bb-86161921738d,085df147-ab5b-4c07-819b-80757f3ebae6,1c6a443f-f113-4ea5-9a1d-b88b11a124fa,Gants Fitness M,Sport & Plein air,4,18.9,0,75.6
da922a27-837d-45bc-9351-893ea8a67f67,085df147-ab5b-4c07-819b-80757f3ebae6,f32a9b7e-2b33-4534-838c-15f252413c12,Apres-rasage Bois,Hygiene & Beaute,3,22.0,5,62.7
2216b744-9df2-45f0-99d4-679aba1815b8,3feb1a2c-26e9-4033-896c-88c6b52719f3,e1c1d613-5938-41a1-bf3f-856b675f620a,Pates Artisanales 500g,Alimentation,2,3.8,0,7.6
8548e780-47b0-4b7e-a754-ee8f0d502e01,3feb1a2c-26e9-4033-896c-88c6b52719f3,917ba3a4-8989-45bc-81c6-8bc0f0ede246,Rouge a Levres Mat,Hygiene & Beaute,4,19.0,0,76.0
eadb6a92-4de8-4984-b51a-a77a20cd4af0,3feb1a2c-26e9-4033-896c-88c6b52719f3,de5969e3-b41b-44d8-a044-dfd64a6eda37,Ecouteurs Bluetooth,Electronique,1,59.9,0,59.9
0df2989b-df52-40a3-b188-70068d8fe68e,3feb1a2c-26e9-4033-896c-88c6b52719f3,4f252480-aa7f-4b8e-bf2d-d93e5549c209,Tapis Souris XXL,Informatique,1,22.9,0,22.9
ba967e88-e2b7-442e-91b3-78a8d194d667,1dbc7b83-671a-4d71-b17c-0f8e1d44b718,61a65568-b49d-48e6-a0db-a3bfa0a08530,Pyjama Coton T36,Vetements Femme,2,34.9,0,69.8
032ebfe0-3a7c-470d-83c3-5c5d0294d346,1dbc7b83-671a-4d71-b17c-0f8e1d44b718,1c6a443f-f113-4ea5-9a1d-b88b11a124fa,Gants Fitness M,Sport & Plein air,4,18.9,10,68.04
482de7b0-6891-4e10-b481-89f88c17c02a,1dbc7b83-671a-4d71-b17c-0f8e1d44b718,b000e5a6-5167-4c6b-9616-3330fce1b1e8,Batterie Externe 20000mAh,Electronique,2,39.9,0,79.8
7dd2039d-51ed-4591-b9f7-7bb89393d6ee,1dbc7b83-671a-4d71-b17c-0f8e1d44b718,c74c07e9-8e5d-47b2-955e-01d12a25de99,Parfum Floral 50ml,Hygiene & Beaute,2,45.0,0,90.0
7d055027-7511-4ec6-8949-90d23401a6f4,3cfe87e8-3c3b-4ceb-b7b4-cb41586bf096,f32a9b7e-2b33-4534-838c-15f252413c12,Apres-rasage Bois,Hygiene & Beaute,1,22.0,0,22.0
97722cd9-6689-4d36-a9e9-8880a1474482,3cfe87e8-3c3b-4ceb-b7b4-cb41586bf096,b726ad0d-f19b-428f-b2dd-990032ee98fc,Stylo Roller,Librairie & Culture,2,12.9,5,24.51
f3cf31fe-703f-4bd7-86d3-24e25b834c60,3cfe87e8-3c3b-4ceb-b7b4-cb41586bf096,e1c1d613-5938-41a1-bf3f-856b675f620a,Pates Artisanales 500g,Alimentation,3,3.8,10,10.26
0f8a090c-fb1c-4d16-bce8-3d63f4ce6e98,3cfe87e8-3c3b-4ceb-b7b4-cb41586bf096,97ab6030-7b11-401c-a327-fe869e97cd1a,Souris sans fil,Electronique,1,35.9,0,35.9
fb273559-eda0-48c6-b29e-18fb90cce846,3cfe87e8-3c3b-4ceb-b7b4-cb41586bf096,e740d34e-12de-4a5d-b98c-29a8bef59e3f,BD Manga Tome 1,Librairie & Culture,1,8.5,0,8.5
9bec998d-383b-4347-95d2-578e21b86114,2376474d-c471-4482-99b9-a9db2cec0171,9599ec1e-da60-4caa-9dd9-934d27bb5865,Chocolat Noir 200g,Alimentation,2,4.2,0,8.4
15d0b4bd-0f45-403a-b76c-4c72f34f93b0,1e917267-f500-4393-b938-ba6f1356761b,f5aff64e-4647-4daf-be5a-e6da77e53f50,Polo Pique L,Vetements Homme,4,39.9,5,151.62
5cda4df3-6f69-4606-ac5d-7eeeb25c1d30,1e917267-f500-4393-b938-ba6f1356761b,8e71516c-5d57-4a0e-b138-ad2a1f0a5752,Filtre Ecran 27,Informatique,1,39.9,0,39.9
6b69d75c-6ed4-4b8a-b7c9-94c7af38d915,1e917267-f500-4393-b938-ba6f1356761b,e2ad85e7-f8b1-42d8-af4a-3834ab3a955c,Roman Policier Bestseller,Librairie & Culture,4,21.9,5,83.22
d9944bcd-c05a-4f9a-9cbb-8491cd63625e,1e917267-f500-4393-b938-ba6f1356761b,d843aeb4-680c-4613-8710-e9a66cd933ee,Huile Olive 1L,Alimentation,2,14.5,5,27.55
0a9bbd87-12fe-4f79-84b4-9ee8d8345bc9,5904d542-ae29-4128-bdd4-e5c00c7529eb,b000e5a6-5167-4c6b-9616-3330fce1b1e8,Batterie Externe 20000mAh,Electronique,1,39.9,0,39.9
3606c3ad-b393-4bce-9dca-a200230904cf,5904d542-ae29-4128-bdd4-e5c00c7529eb,acaef059-6b25-4b00-aab6-8e4cad526bff,Crayons Couleur x24,Enfants & Jouets,2,12.9,0,25.8
aaf89ac7-4719-4074-b9b4-e63704cc257d,5904d542-ae29-4128-bdd4-e5c00c7529eb,9599ec1e-da60-4caa-9dd9-934d27bb5865,Chocolat Noir 200g,Alimentation,4,4.2,5,15.96
d03845f5-052d-444a-b93f-bb0dcae725a5,5904d542-ae29-4128-bdd4-e5c00c7529eb,f585c792-4c3b-4b38-bc6f-a76604b54899,Pull Col V XL,Vetements Homme,3,49.9,0,149.7
a4e690b7-829c-45f5-bf80-e27e2c12cd81,5904d542-ae29-4128-bdd4-e5c00c7529eb,b2d7700d-d5da-41b9-9807-0ae229136ca5,Trottinette 3 roues,Enfants & Jouets,3,69.9,15,178.25
1156e639-794f-41df-a674-0949adfb3258,46683aae-9bbb-4155-ae9f-c76ec066c605,d5fe0efe-667c-4122-8758-53fef4ac6d3d,Saumon Fume 100g,Alimentation,3,9.5,0,28.5
bfede07d-920b-48ed-9c77-53176ee0e195,46683aae-9bbb-4155-ae9f-c76ec066c605,6efd53c2-2042-4891-869f-044486bc1ce4,Cartes Postales x20,Librairie & Culture,2,14.9,15,25.33
e97360f7-f2f7-49eb-888d-0a4c1a5b2a3c,a30e6d2c-aa03-4232-9042-ff17f9628f85,3c9d9490-d8b2-4232-8727-54e2009847e8,Creme Hydratante 50ml,Hygiene & Beaute,2,18.9,0,37.8
be754aae-0426-49ab-baa2-a3277355966d,a30e6d2c-aa03-4232-9042-ff17f9628f85,04d68a7c-efec-4e2a-9fe1-efcf7a7cdb7b,Livre Recettes Vege,Librairie & Culture,2,28.0,0,56.0
84b94b34-e291-4304-a20f-301c20e8adaa,a30e6d2c-aa03-4232-9042-ff17f9628f85,1b0588e4-76ce-46c2-bc64-96c88d0a1f08,Lampe Bureau LED,Maison & Jardin,3,39.9,0,119.7
00ebc47f-2bf0-4861-beef-883656c1de4d,9e65adce-3f27-4365-ad53-0de660765af9,10697d4c-a898-425b-be16-e5e1d0a29076,Livre Apprentissage 3-6ans,Enfants & Jouets,2,14.9,0,29.8
dddfd407-2e38-47b0-beda-0097102be1e6,9e65adce-3f27-4365-ad53-0de660765af9,98e84593-be19-46b8-8ed0-e67dbb6f98a1,Serum Vitamine C 30ml,Hygiene & Beaute,1,32.0,5,30.4
65fbe5ff-9aac-4b7e-aefc-3e467b7292de,769ec201-2951-4690-b893-b46b19339aa0,2798ff21-b62e-41cc-a2a8-f3e585ee5376,Resistance Elastique x5,Sport & Plein air,4,22.9,0,91.6
f1b120d9-433d-4dc4-b169-46c724eb8079,769ec201-2951-4690-b893-b46b19339aa0,3f398058-4f08-47e3-b135-42c66d22b99e,Enceinte Portable IP67,Electronique,4,49.9,0,199.6
1a505a40-339f-45d1-8e04-c4fc03868484,769ec201-2951-4690-b893-b46b19339aa0,7b86d596-bb3b-461f-a940-e05884ff7f04,Huile Corps 200ml,Hygiene & Beaute,2,16.5,15,28.05
bb084df7-81ef-4ef8-aa94-c12943e389b1,769ec201-2951-4690-b893-b46b19339aa0,b69bbc53-072e-4c83-a233-44678e884b11,Top Basique x2 T40,Vetements Femme,1,29.9,5,28.4
9fc6e6a6-8c05-4c82-9944-d791f0954cf8,769ec201-2951-4690-b893-b46b19339aa0,d6506210-2f3d-477e-af3e-7b05ed5e8193,Dentifrice Blancheur,Hygiene & Beaute,4,6.8,0,27.2
40b04d16-def9-4061-a342-e0d19e074f5a,769ec201-2951-4690-b893-b46b19339aa0,fe54cf3f-3c3f-45bd-9976-e406355c520c,Sac Sport 30L,Sport & Plein air,4,44.9,0,179.6
c1acec0b-3f5d-4874-aa9c-489286aa7810,b08be6a8-8e70-4cce-bda8-51589f55f023,651625b5-6c3f-416b-893e-adb901976bdb,Coloriage Adulte Zen,Librairie & Culture,3,16.9,10,45.63
c1544102-2adb-4de0-a364-b073732d24c4,b08be6a8-8e70-4cce-bda8-51589f55f023,c8626acb-92f1-4e4c-8274-e69f2a894a9a,Chaussettes Laine x3,Vetements Homme,4,16.9,0,67.6
c48b1afb-6760-43d9-8780-84396a95d360,c0184b14-9954-4ac5-82a5-8eb4566e3b01,57038056-b884-4263-afbc-ab2436c953a1,Cable HDMI 2m,Informatique,4,18.9,15,64.26
a5b8648e-228d-461f-930f-56c6e0e3d520,c0184b14-9954-4ac5-82a5-8eb4566e3b01,fe54cf3f-3c3f-45bd-9976-e406355c520c,Sac Sport 30L,Sport & Plein air,3,44.9,0,134.7
55342d8a-3e26-4926-99ac-7107e0859088,c0184b14-9954-4ac5-82a5-8eb4566e3b01,b00c7319-8ff5-4884-9b70-270bd105fe2b,Jeu de Societe Famille,Enfants & Jouets,4,32.0,5,121.6
c0ca052b-1b74-4b02-92b6-9c3c7333fa12,c0184b14-9954-4ac5-82a5-8eb4566e3b01,6efd53c2-2042-4891-869f-044486bc1ce4,Cartes Postales x20,Librairie & Culture,3,14.9,0,44.7
d9ce32d8-95ea-48e7-8f05-8f3b283ae0b9,c0184b14-9954-4ac5-82a5-8eb4566e3b01,da597ed2-e788-4c91-9c98-bb0d45fb5d78,Marque-pages x10,Librairie & Culture,3,7.9,10,21.33
b1999e3d-062a-4f6f-86b7-4f2bd69c3093,a7ded795-9aca-4bad-9484-78f55f0994ce,1ca7da09-9ac2-4d35-8cbf-d5cbbbecd9fc,Gourde Inox 750ml,Sport & Plein air,1,24.9,15,21.16
47f17e62-65c4-4814-98b1-2e40c0bbacb6,a7ded795-9aca-4bad-9484-78f55f0994ce,f14e8c71-c3ad-4136-80e5-4cb954c4371d,Support Telephone Voiture,Electronique,1,22.0,0,22.0
65116777-71ca-41e5-9c23-71a923c13cd8,a7ded795-9aca-4bad-9484-78f55f0994ce,2ae13790-626b-4872-86d1-9ac3982f44ef,Cardigan Long T38,Vetements Femme,2,54.9,0,109.8
451ef7e2-a765-4723-95b3-4483650c7114,a7ded795-9aca-4bad-9484-78f55f0994ce,b00c7319-8ff5-4884-9b70-270bd105fe2b,Jeu de Societe Famille,Enfants & Jouets,4,32.0,15,108.8
3f689b00-c3ff-4a6e-9759-cf14bd364cf8,3617bd0a-06d2-4b93-aa94-ce388c7f6322,1727047f-b6d5-4a4d-9b97-44fa2bc7a04a,Nettoyant Ecran 200ml,Informatique,4,9.9,0,39.6
cdc8fca1-72e0-4bc2-9811-7553c5555ba2,3617bd0a-06d2-4b93-aa94-ce388c7f6322,d16bc416-d44f-4c60-8b27-2ec2a5cf240d,Genouilleres x2,Sport & Plein air,1,22.9,10,20.61
1c53b5b0-e6f1-447c-a820-b9dc5b92fc07,3617bd0a-06d2-4b93-aa94-ce388c7f6322,2ae13790-626b-4872-86d1-9ac3982f44ef,Cardigan Long T38,Vetements Femme,4,54.9,0,219.6
3749d1b9-a41a-4296-bf63-a088f94c70cf,3617bd0a-06d2-4b93-aa94-ce388c7f6322,cc93cc31-9fee-4ed3-a125-f60cbf8b292f,Bougies LED x6,Maison & Jardin,2,19.9,0,39.8
47b81b8d-6bd1-4e56-a01b-d616b7841ba8,3617bd0a-06d2-4b93-aa94-ce388c7f6322,61a65568-b49d-48e6-a0db-a3bfa0a08530,Pyjama Coton T36,Vetements Femme,4,34.9,0,139.6
669441a8-947d-4f57-96ba-dd955ec6e7ad,3617bd0a-06d2-4b93-aa94-ce388c7f6322,f585c792-4c3b-4b38-bc6f-a76604b54899,Pull Col V XL,Vetements Homme,1,49.9,10,44.91
d96c9b54-ef31-43e7-8a0b-8b8ac4ed4229,90ffeddd-8130-4a5e-b2ac-e5ca703274bc,d11f6661-cd48-4f7e-946e-db1adfcdf96a,Casquette Running,Sport & Plein air,3,19.9,0,59.7
5334995f-afdc-4d8f-9938-6aed8b216d7e,90ffeddd-8130-4a5e-b2ac-e5ca703274bc,f32a9b7e-2b33-4534-838c-15f252413c12,Apres-rasage Bois,Hygiene & Beaute,4,22.0,15,74.8
ffbe40d7-a61b-4800-8245-8761d1ddc864,90ffeddd-8130-4a5e-b2ac-e5ca703274bc,39c61fbc-1f8c-42a0-b463-f715b3137c5c,Collants x3 T2,Vetements Femme,3,12.9,0,38.7
9ecfd71d-3ec0-4278-a20d-423e2604886a,90ffeddd-8130-4a5e-b2ac-e5ca703274bc,38b659e5-40f5-497d-9e4a-c633ac6e1f12,Puzzle 500 pieces,Enfants & Jouets,1,19.9,0,19.9
9b3b6ba7-9085-4191-bd3d-2d7ec51f7f88,90ffeddd-8130-4a5e-b2ac-e5ca703274bc,c5665cdb-27e4-45c6-9195-05b42b51244d,Voiture Telecommandee,Enfants & Jouets,1,54.9,15,46.66
e45e41f1-5629-4195-be38-1b25b6eb17a5,3f077b2c-6357-4b38-b7f0-6830aa2cd269,c5d9f432-71f0-4abb-8efd-52ebec6d6806,Calecon x2 M,Vetements Homme,1,22.9,0,22.9
32d1ba33-4751-46a2-8be9-72440b452c66,3f077b2c-6357-4b38-b7f0-6830aa2cd269,2798ff21-b62e-41cc-a2a8-f3e585ee5376,Resistance Elastique x5,Sport & Plein air,2,22.9,15,38.93
a9470768-dce0-44bc-8c2e-9b9b03e312b8,3f077b2c-6357-4b38-b7f0-6830aa2cd269,361412d0-6dd1-4fe2-ac9b-a8defe9d127b,Robe Fleurie T38,Vetements Femme,3,44.9,5,127.96
5cedb634-fe6d-44b8-b4d9-dea350913add,3f077b2c-6357-4b38-b7f0-6830aa2cd269,da597ed2-e788-4c91-9c98-bb0d45fb5d78,Marque-pages x10,Librairie & Culture,1,7.9,0,7.9
522eb1e5-4d91-48c6-aada-90c62d1922b3,2e4f803c-5bbe-4fb8-86ca-94f70a999d35,f5aff64e-4647-4daf-be5a-e6da77e53f50,Polo Pique L,Vetements Homme,1,39.9,0,39.9
b890159c-bc98-47ff-916c-1f1214943c55,2e4f803c-5bbe-4fb8-86ca-94f70a999d35,39c61fbc-1f8c-42a0-b463-f715b3137c5c,Collants x3 T2,Vetements Femme,2,12.9,0,25.8
87c1ef01-43fb-4c20-b555-b7effc084608,2e4f803c-5bbe-4fb8-86ca-94f70a999d35,9eb584ea-c0ca-4f4a-a9be-19a5a1adc51f,Vase Ceramique 25cm,Maison & Jardin,1,32.0,10,28.8
315c2f58-b383-4ae0-a90a-5cacb2ebd5c6,2e4f803c-5bbe-4fb8-86ca-94f70a999d35,29a9e8db-6ad8-401c-bb67-fe312321caec,The Vert Bio,Alimentation,3,6.5,10,17.55
7ff4e997-5dd8-439a-b5a6-fc5c336dbeeb,2e4f803c-5bbe-4fb8-86ca-94f70a999d35,ab306a81-903f-4e7a-889d-9a59fda99a8b,Carte SD 128Go,Informatique,3,24.9,0,74.7
2188ce5d-90f9-4eec-8236-66a47f36c5f6,42563c31-fdf7-45d4-8bb3-b039b19254ab,fe54cf3f-3c3f-45bd-9976-e406355c520c,Sac Sport 30L,Sport & Plein air,4,44.9,15,152.66
4d579686-ae60-4fdb-86b9-99ec8401af16,42563c31-fdf7-45d4-8bb3-b039b19254ab,3c9d9490-d8b2-4232-8727-54e2009847e8,Creme Hydratante 50ml,Hygiene & Beaute,1,18.9,0,18.9
c3d90267-27fe-4089-ac72-b89c794f14c8,42563c31-fdf7-45d4-8bb3-b039b19254ab,55f29394-9142-446c-bd17-72da4eeb262f,T-shirt Coton Bio M,Vetements Homme,4,24.9,10,89.64
3c321269-a0ae-497c-9105-92d086da71df,42563c31-fdf7-45d4-8bb3-b039b19254ab,a2e73e48-39c0-4e54-92c4-177638ddeb2c,Hub USB-C 7 ports,Electronique,1,44.9,5,42.65
70a3d2f0-51ee-46d2-abc9-0c3ccf135de5,bd928546-e12c-45cb-9e35-bdac639e0585,921d0b8d-f098-4b94-8af6-502274942eed,Legging Sport T40,Vetements Femme,2,32.9,0,65.8
1141f053-51c0-4b99-85ca-0f103b1448c3,bd928546-e12c-45cb-9e35-bdac639e0585,b2d7700d-d5da-41b9-9807-0ae229136ca5,Trottinette 3 roues,Enfants & Jouets,4,69.9,0,279.6
75e3d2ff-81b8-4c93-8ca6-5767ecdff105,bd928546-e12c-45cb-9e35-bdac639e0585,9b62048c-fac2-42a6-b2c5-f1465a127437,SSD Externe 500Go,Informatique,2,79.9,10,143.82
f458839a-a843-4dac-a5bb-0f277132b68b,bd928546-e12c-45cb-9e35-bdac639e0585,01af6c33-ee76-405e-a57d-ac7a2c08b768,Pot Terracotta,Maison & Jardin,2,16.9,0,33.8
7239ac9f-c951-4ca1-b0dd-f1cbae1face7,3b3d12e2-2183-44a7-a4a7-e5f086f1b226,f585c792-4c3b-4b38-bc6f-a76604b54899,Pull Col V XL,Vetements Homme,3,49.9,15,127.24
3ff2f6c4-a32e-4330-b4bc-c4f0fa3c83f7,3b3d12e2-2183-44a7-a4a7-e5f086f1b226,de5969e3-b41b-44d8-a044-dfd64a6eda37,Ecouteurs Bluetooth,Electronique,1,59.9,0,59.9
03c869c3-c44d-4c47-8148-f09bee0f5558,3b3d12e2-2183-44a7-a4a7-e5f086f1b226,9b62048c-fac2-42a6-b2c5-f1465a127437,SSD Externe 500Go,Informatique,2,79.9,0,159.8
5c0cb56c-c4d1-446c-a289-bf2b2c2b4ba1,457bdada-7955-40c4-94bf-52aa0b05f07a,4139b0d0-99ea-4a85-9a52-bf184ee80bd7,Cable USB-C 2m,Electronique,1,12.9,0,12.9
1d4776ae-d71a-4b59-bbc0-747262ab6ec7,457bdada-7955-40c4-94bf-52aa0b05f07a,a2e73e48-39c0-4e54-92c4-177638ddeb2c,Hub USB-C 7 ports,Electronique,4,44.9,5,170.62
b3f93049-e383-499f-b3e3-e96b1c75a3bc,457bdada-7955-40c4-94bf-52aa0b05f07a,01af6c33-ee76-405e-a57d-ac7a2c08b768,Pot Terracotta,Maison & Jardin,4,16.9,0,67.6
8f822e14-6a9a-4768-a779-b82f5d9e7b3a,457bdada-7955-40c4-94bf-52aa0b05f07a,10697d4c-a898-425b-be16-e5e1d0a29076,Livre Apprentissage 3-6ans,Enfants & Jouets,2,14.9,15,25.33
53f18755-d219-42c4-a1dc-49314f60bc2d,457bdada-7955-40c4-94bf-52aa0b05f07a,97964f62-3dac-4d03-9b25-98b2e481a971,Repose-poignet Gel,Informatique,3,14.9,10,40.23
20c83c61-6c39-4dc7-a074-a0e5d6436e2a,457bdada-7955-40c4-94bf-52aa0b05f07a,d11f6661-cd48-4f7e-946e-db1adfcdf96a,Casquette Running,Sport & Plein air,2,19.9,15,33.83
17168105-f029-495e-83cb-2bd0aa933fe6,bb2d0f00-84e7-4b54-9410-8ed64b39579b,97ab6030-7b11-401c-a327-fe869e97cd1a,Souris sans fil,Electronique,4,35.9,15,122.06
1bc4260c-d295-4ba9-b6e3-f685a569dc79,bb2d0f00-84e7-4b54-9410-8ed64b39579b,e740d34e-12de-4a5d-b98c-29a8bef59e3f,BD Manga Tome 1,Librairie & Culture,3,8.5,5,24.22
19548dd3-2b2f-4256-ada0-19c58eaf5453,bb2d0f00-84e7-4b54-9410-8ed64b39579b,8aa1e4f4-aae5-4cc4-98db-69787751225e,Short Sport L,Vetements Homme,4,29.9,5,113.62
3a203cde-8289-4c96-8689-fba7c7b2211f,bb2d0f00-84e7-4b54-9410-8ed64b39579b,9026c423-35c8-48a8-988b-c7cab9d4f263,Coussin Deco 45x45cm,Maison & Jardin,1,24.9,0,24.9
4ac8e48f-0d23-4cf4-b945-a63dd365b1f8,910c7762-08b8-4bf5-9c45-34f7dc92ac30,7b86d596-bb3b-461f-a940-e05884ff7f04,Huile Corps 200ml,Hygiene & Beaute,3,16.5,0,49.5
a9817fef-8425-48fe-82bb-b2b904c34edd,910c7762-08b8-4bf5-9c45-34f7dc92ac30,0a53560e-8764-42d9-b54e-3786c7cb1ea5,Veste Legere M,Vetements Homme,1,89.0,15,75.65
51d54ec8-8364-41d7-9541-4c057841fb3f,962329d7-8d29-4fca-a1d8-0cab1287587a,e1c1d613-5938-41a1-bf3f-856b675f620a,Pates Artisanales 500g,Alimentation,1,3.8,0,3.8
ae944934-d6a2-46bf-8147-a851d64a0658,962329d7-8d29-4fca-a1d8-0cab1287587a,866b0686-48e0-4391-bdc6-1962087695d1,Dinette Bois 15p,Enfants & Jouets,4,39.9,0,159.6
b8fce032-2d2b-438a-80d4-56f9b4f037bc,c95d9481-7e0a-412e-806a-ba373fbda7d2,cc93cc31-9fee-4ed3-a125-f60cbf8b292f,Bougies LED x6,Maison & Jardin,1,19.9,0,19.9
c96c7d89-a4e7-4cc1-b670-740808d84c1b,c95d9481-7e0a-412e-806a-ba373fbda7d2,520cd94f-e81a-4830-b86e-3f53a546dace,Guide Voyage Paris 2024,Librairie & Culture,3,18.9,10,51.03
f0e3df0f-fef2-4ac0-8a3c-5868d4044493,c95d9481-7e0a-412e-806a-ba373fbda7d2,38b659e5-40f5-497d-9e4a-c633ac6e1f12,Puzzle 500 pieces,Enfants & Jouets,2,19.9,10,35.82
158185bf-d495-4510-88f0-79984494d093,c95d9481-7e0a-412e-806a-ba373fbda7d2,c5d9f432-71f0-4abb-8efd-52ebec6d6806,Calecon x2 M,Vetements Homme,4,22.9,0,91.6
fa726325-d34b-4738-8841-484c46198f7c,c95d9481-7e0a-412e-806a-ba373fbda7d2,57038056-b884-4263-afbc-ab2436c953a1,Cable HDMI 2m,Informatique,3,18.9,0,56.7
2a060e7d-4f16-4d70-8d8f-0a3489e8f874,c95d9481-7e0a-412e-806a-ba373fbda7d2,1727047f-b6d5-4a4d-9b97-44fa2bc7a04a,Nettoyant Ecran 200ml,Informatique,2,9.9,5,18.81
88c971e6-a06a-4ffe-9209-32e9b29cec0b,aeb639e5-5f44-4ae9-a34e-d85d0a54ece0,8e71516c-5d57-4a0e-b138-ad2a1f0a5752,Filtre Ecran 27,Informatique,2,39.9,15,67.83
99ae43e5-099e-47e0-a48e-1f04893b49f9,aeb639e5-5f44-4ae9-a34e-d85d0a54ece0,4139b0d0-99ea-4a85-9a52-bf184ee80bd7,Cable USB-C 2m,Electronique,4,12.9,5,49.02
9aa7d7e6-5e92-4276-9fb2-b75e31a7b088,aeb639e5-5f44-4ae9-a34e-d85d0a54ece0,b726ad0d-f19b-428f-b2dd-990032ee98fc,Stylo Roller,Librairie & Culture,1,12.9,0,12.9
9ebd6e8d-1a4c-4796-a006-32cdfde68ae1,aeb639e5-5f44-4ae9-a34e-d85d0a54ece0,d5fe0efe-667c-4122-8758-53fef4ac6d3d,Saumon Fume 100g,Alimentation,1,9.5,0,9.5
4dc0abe1-edcf-4511-b06c-8988f78bde30,aeb639e5-5f44-4ae9-a34e-d85d0a54ece0,29a9e8db-6ad8-401c-bb67-fe312321caec,The Vert Bio,Alimentation,4,6.5,0,26.0
2234c6b9-8c2d-4a8c-9d63-9d9be276f98d,d0357423-0d47-4660-86da-03f9cdb66312,f14e8c71-c3ad-4136-80e5-4cb954c4371d,Support Telephone Voiture,Electronique,3,22.0,10,59.4
67475cd5-a42c-4770-969f-d92bc5f5e7c5,d0357423-0d47-4660-86da-03f9cdb66312,98e84593-be19-46b8-8ed0-e67dbb6f98a1,Serum Vitamine C 30ml,Hygiene & Beaute,2,32.0,0,64.0
e88d01ba-5409-4673-b1e3-b31b774a716a,d0357423-0d47-4660-86da-03f9cdb66312,85fae7c5-2197-47e3-9704-512935b98f03,Ceinture Cuir 95cm,Vetements Homme,2,28.0,0,56.0
4a45429b-d64f-4655-bbae-b2ec47d0b931,b593c7fb-6226-435f-abd6-dea5cf8b4842,e740d34e-12de-4a5d-b98c-29a8bef59e3f,BD Manga Tome 1,Librairie & Culture,1,8.5,0,8.5
60a05d45-7463-4813-a812-752755f82f18,b593c7fb-6226-435f-abd6-dea5cf8b4842,1b0588e4-76ce-46c2-bc64-96c88d0a1f08,Lampe Bureau LED,Maison & Jardin,1,39.9,10,35.91
f5ad62d6-b9fd-481a-a331-b06f4f35799e,b593c7fb-6226-435f-abd6-dea5cf8b4842,ab306a81-903f-4e7a-889d-9a59fda99a8b,Carte SD 128Go,Informatique,3,24.9,0,74.7
98c4aaba-12db-49bc-9670-6e9ca66fae24,b593c7fb-6226-435f-abd6-dea5cf8b4842,c7813958-24a2-40f9-bae8-aa4fba47a26f,Montre Connectee Sport,Electronique,1,129.0,0,129.0
2661833c-d4b5-4a43-88ea-db60cb4e9ba4,b593c7fb-6226-435f-abd6-dea5cf8b4842,a2aa398f-fa8d-4ccf-846e-d797ac5ce4b5,Peluche Lapin 40cm,Enfants & Jouets,2,24.9,5,47.31
1cf2f667-dee4-4ff7-8d49-e843a60ca015,1e44769c-3f35-45f8-95e6-51adefd6efce,c7813958-24a2-40f9-bae8-aa4fba47a26f,Montre Connectee Sport,Electronique,3,129.0,0,387.0
97d39347-6903-4056-b3d8-bbc98d12c5d9,1e44769c-3f35-45f8-95e6-51adefd6efce,9026c423-35c8-48a8-988b-c7cab9d4f263,Coussin Deco 45x45cm,Maison & Jardin,4,24.9,0,99.6
950c83b0-f34d-4d37-bed1-3b3795f4a36c,1e44769c-3f35-45f8-95e6-51adefd6efce,9bd1b170-13cc-447d-ad78-be7c34856051,Cadre Photo Bois 20x30cm,Maison & Jardin,2,18.5,0,37.0
e2b00aec-be33-468d-ba64-a759c136ea40,1e44769c-3f35-45f8-95e6-51adefd6efce,f585c792-4c3b-4b38-bc6f-a76604b54899,Pull Col V XL,Vetements Homme,1,49.9,0,49.9
c01f96b1-31f6-4d74-bdba-3bda0bccb78c,1e44769c-3f35-45f8-95e6-51adefd6efce,866b0686-48e0-4391-bdc6-1962087695d1,Dinette Bois 15p,Enfants & Jouets,2,39.9,0,79.8
e412c7a4-1bee-48ef-bc0d-58c8a208901b,1e44769c-3f35-45f8-95e6-51adefd6efce,864e1b92-332e-46be-aaa1-ed56c7bec90d,Foulard Soie,Vetements Femme,1,28.0,5,26.6
88b7114c-4c5c-46b0-b417-7407b801ab5f,da741c3c-3fdd-4530-a2f6-9e26a226429b,78eb7e80-11d7-4b1c-ab14-c86b0293c0f4,Deodorant Bio 75ml,Hygiene & Beaute,4,8.9,0,35.6
8fed35c8-8a40-4bcd-8104-162beabe1f24,da741c3c-3fdd-4530-a2f6-9e26a226429b,9eb584ea-c0ca-4f4a-a9be-19a5a1adc51f,Vase Ceramique 25cm,Maison & Jardin,1,32.0,10,28.8
592385e4-5bec-4f3c-893a-d4d4b1b7c405,da741c3c-3fdd-4530-a2f6-9e26a226429b,04d68a7c-efec-4e2a-9fe1-efcf7a7cdb7b,Livre Recettes Vege,Librairie & Culture,1,28.0,15,23.8
71006ded-87d8-4587-972b-003b75110202,da741c3c-3fdd-4530-a2f6-9e26a226429b,a8dfdf6e-d009-4d54-b453-8171273c44eb,Shampooing Keratine 300ml,Hygiene & Beaute,1,13.5,10,12.15
10bbeb1b-a0ca-41fe-9e68-a620fdd2f69e,da741c3c-3fdd-4530-a2f6-9e26a226429b,7e47065f-a924-4cbe-9e36-1c904b74e274,Adaptateur USB-A/C,Informatique,3,11.9,0,35.7
c317981c-4731-46c9-8e07-1b93582da1e3,bdc01847-9154-4f2c-8777-4921c4f8d620,c5665cdb-27e4-45c6-9195-05b42b51244d,Voiture Telecommandee,Enfants & Jouets,3,54.9,10,148.23
dcafac54-a5e3-49c7-9127-ac0df68a19eb,bdc01847-9154-4f2c-8777-4921c4f8d620,85fae7c5-2197-47e3-9704-512935b98f03,Ceinture Cuir 95cm,Vetements Homme,1,28.0,0,28.0
b7237e54-167d-4083-a610-aaa24beb1ce7,bdc01847-9154-4f2c-8777-4921c4f8d620,acaef059-6b25-4b00-aab6-8e4cad526bff,Crayons Couleur x24,Enfants & Jouets,2,12.9,5,24.51
1b1c9ffe-facc-4bd6-95c3-fc9135d3466f,bdc01847-9154-4f2c-8777-4921c4f8d620,ca2a57f5-bd68-4625-8ca2-08b564bf8af1,Jean Slim 32/32,Vetements Homme,4,59.9,10,215.64
5a55466d-adbb-4b08-adbc-90539086a42e,bdc01847-9154-4f2c-8777-4921c4f8d620,8bc06fa0-0191-41a6-ae1f-da9c97d30f1a,Chemise Oxford M,Vetements Homme,4,54.9,5,208.62
851639f7-0430-4580-9665-0854c057bd3b,bdc01847-9154-4f2c-8777-4921c4f8d620,9026c423-35c8-48a8-988b-c7cab9d4f263,Coussin Deco 45x45cm,Maison & Jardin,1,24.9,0,24.9
00acd577-b7ed-462d-88d5-a27ed7916269,3c85d320-c2f1-4f08-8052-d36bf1b337c7,9eb584ea-c0ca-4f4a-a9be-19a5a1adc51f,Vase Ceramique 25cm,Maison & Jardin,1,32.0,10,28.8
6feaf3b4-93e8-448d-b04b-7b27ecd4ae70,f0c79bf9-a937-4beb-b3b2-46df2d9b7895,f14e8c71-c3ad-4136-80e5-4cb954c4371d,Support Telephone Voiture,Electronique,3,22.0,0,66.0
b6e2cb58-c30a-4520-8121-8d2053c359c9,f0c79bf9-a937-4beb-b3b2-46df2d9b7895,1c730876-e2d5-4a51-afd1-7b1b4f0c16c6,Bidon Velo 600ml,Sport & Plein air,3,14.9,0,44.7
ba42c35d-5578-40ea-ac51-efe846f24838,f0c79bf9-a937-4beb-b3b2-46df2d9b7895,2ae13790-626b-4872-86d1-9ac3982f44ef,Cardigan Long T38,Vetements Femme,3,54.9,0,164.7
a5e02e95-3a55-4caf-8558-d147cb749288,fe3f0735-2bc9-42e7-a758-1a0bbefe3198,78eb7e80-11d7-4b1c-ab14-c86b0293c0f4,Deodorant Bio 75ml,Hygiene & Beaute,2,8.9,5,16.91
75a8c2de-639b-4700-86e6-5e7f8d0c0e6b,6eff6769-546d-4720-83f8-d9462a3b4fd5,29a9e8db-6ad8-401c-bb67-fe312321caec,The Vert Bio,Alimentation,1,6.5,5,6.17
582512f2-abf3-4092-9d4c-e121cf6563e7,6eff6769-546d-4720-83f8-d9462a3b4fd5,f527c161-5d8d-43b9-8ce4-af667a91f42b,Tapis Yoga Antiderapant,Sport & Plein air,3,34.9,10,94.23
bb930d5e-df14-4fda-9ed0-54e23f524f0f,19912646-496a-47e8-8a06-818e5c9c2a96,98e84593-be19-46b8-8ed0-e67dbb6f98a1,Serum Vitamine C 30ml,Hygiene & Beaute,1,32.0,5,30.4
95c38c73-0b27-45f6-acf7-1bac9505a89b,19912646-496a-47e8-8a06-818e5c9c2a96,1c6a443f-f113-4ea5-9a1d-b88b11a124fa,Gants Fitness M,Sport & Plein air,1,18.9,15,16.06
f0ad775b-eb0e-4182-92d9-6fcdf749d527,19912646-496a-47e8-8a06-818e5c9c2a96,7153c8b9-4015-413b-8de9-779ff764513c,Lego Classic 500p,Enfants & Jouets,2,44.9,5,85.31
77c8ffdd-9967-47e5-92f4-311ea3ba1066,19912646-496a-47e8-8a06-818e5c9c2a96,da597ed2-e788-4c91-9c98-bb0d45fb5d78,Marque-pages x10,Librairie & Culture,3,7.9,10,21.33
b12e094a-498a-442f-974b-a679a96436fb,19912646-496a-47e8-8a06-818e5c9c2a96,53d91849-075b-4e7b-b698-ecc816d9f197,Pantalon Tailleur T42,Vetements Femme,1,74.9,0,74.9
e7666864-0242-4231-ab41-a5a5453c7152,36181837-8f64-45f8-a6ae-46def96a7aef,d6506210-2f3d-477e-af3e-7b05ed5e8193,Dentifrice Blancheur,Hygiene & Beaute,4,6.8,5,25.84
b25817e1-254c-4b4e-a8af-1ce6e5d96af0,36181837-8f64-45f8-a6ae-46def96a7aef,6efd53c2-2042-4891-869f-044486bc1ce4,Cartes Postales x20,Librairie & Culture,2,14.9,15,25.33
569c0b17-22c6-47cc-995c-a9dfbf22c3ad,36181837-8f64-45f8-a6ae-46def96a7aef,463133c4-69e7-4459-8842-db3c346fd495,Bougie Parfumee Vanille,Maison & Jardin,4,14.9,0,59.6
096913f2-e96d-4009-bc74-f5b867bd9e0f,36181837-8f64-45f8-a6ae-46def96a7aef,3c9d9490-d8b2-4232-8727-54e2009847e8,Creme Hydratante 50ml,Hygiene & Beaute,2,18.9,10,34.02
15b8b611-03bd-4adf-a2a0-1bf9be16f202,36181837-8f64-45f8-a6ae-46def96a7aef,361412d0-6dd1-4fe2-ac9b-a8defe9d127b,Robe Fleurie T38,Vetements Femme,3,44.9,15,114.49
137658bb-65e5-4f6e-bad0-5b08b21cc85f,36181837-8f64-45f8-a6ae-46def96a7aef,c74c07e9-8e5d-47b2-955e-01d12a25de99,Parfum Floral 50ml,Hygiene & Beaute,1,45.0,5,42.75
fff5ea9a-9a74-4b1a-a748-c20c9e1711a5,9fc449f2-728c-4686-a8d7-a33021d0838f,c7813958-24a2-40f9-bae8-aa4fba47a26f,Montre Connectee Sport,Electronique,4,129.0,0,516.0
e1ce8497-ab5d-4d2d-959c-5f06af483443,9fc449f2-728c-4686-a8d7-a33021d0838f,7b86d596-bb3b-461f-a940-e05884ff7f04,Huile Corps 200ml,Hygiene & Beaute,3,16.5,0,49.5
7fce5e86-494f-4051-b784-5d0bd09bce4e,c4425f30-09f6-43cc-8a8c-3c8964d5db3b,8e71516c-5d57-4a0e-b138-ad2a1f0a5752,Filtre Ecran 27,Informatique,3,39.9,0,119.7
52a17db1-0144-4ab8-beda-d427771a3d62,c4425f30-09f6-43cc-8a8c-3c8964d5db3b,97ab6030-7b11-401c-a327-fe869e97cd1a,Souris sans fil,Electronique,3,35.9,15,91.54
c1fed71b-b70a-41c0-891d-19ecb3dc2324,c4425f30-09f6-43cc-8a8c-3c8964d5db3b,53d91849-075b-4e7b-b698-ecc816d9f197,Pantalon Tailleur T42,Vetements Femme,4,74.9,0,299.6
391bdcf6-62a2-4bbf-bdbd-e45a285f7c4c,c4425f30-09f6-43cc-8a8c-3c8964d5db3b,761bad86-b047-4953-ae1f-136850ddf0a0,Chronometre Digital,Sport & Plein air,1,19.9,5,18.9
fbfbc36b-8ef0-4fa4-bf29-b2b16fdc287a,e0e0d137-6217-4f3e-9d8e-64f3814176ca,ca2a57f5-bd68-4625-8ca2-08b564bf8af1,Jean Slim 32/32,Vetements Homme,1,59.9,15,50.91
ae68ce58-6ec6-4e29-ada2-301abad744d8,e0e0d137-6217-4f3e-9d8e-64f3814176ca,671afee4-3ba2-4eb6-bf06-3004d94339c6,Agenda 2024 Cuir,Librairie & Culture,1,24.9,0,24.9
2dca8045-4204-4cd5-a397-b6381210dd71,e0e0d137-6217-4f3e-9d8e-64f3814176ca,d811eb5f-f34c-407a-b79d-dc80b7e58c54,Cahier Dot Grid A5,Librairie & Culture,1,9.9,5,9.4
b4136df9-556e-4098-9903-7c8dceff8baa,e0e0d137-6217-4f3e-9d8e-64f3814176ca,a2e73e48-39c0-4e54-92c4-177638ddeb2c,Hub USB-C 7 ports,Electronique,1,44.9,15,38.16
d5119ac1-3fd4-4694-b266-a9ebc29992a2,7c7f0f45-45b2-4d16-90a6-77b8c00c1979,d6506210-2f3d-477e-af3e-7b05ed5e8193,Dentifrice Blancheur,Hygiene & Beaute,4,6.8,15,23.12
c167f0d7-dfcc-4164-9ac6-a6560d645314,7c7f0f45-45b2-4d16-90a6-77b8c00c1979,9026c423-35c8-48a8-988b-c7cab9d4f263,Coussin Deco 45x45cm,Maison & Jardin,2,24.9,15,42.33
0c12c59a-6f05-40f9-bc6f-9629b0c77a68,7c7f0f45-45b2-4d16-90a6-77b8c00c1979,e2ad85e7-f8b1-42d8-af4a-3834ab3a955c,Roman Policier Bestseller,Librairie & Culture,3,21.9,0,65.7
4c43877a-c098-4c9d-bfb4-8bf860685951,7c7f0f45-45b2-4d16-90a6-77b8c00c1979,6efd53c2-2042-4891-869f-044486bc1ce4,Cartes Postales x20,Librairie & Culture,1,14.9,15,12.66
8179ac57-73e1-44f4-a0aa-75f43d548d26,7c7f0f45-45b2-4d16-90a6-77b8c00c1979,c5665cdb-27e4-45c6-9195-05b42b51244d,Voiture Telecommandee,Enfants & Jouets,4,54.9,15,186.66
2fb4d3d4-2797-4f9c-aa9a-7662e624070a,0a6ba66c-01e9-4c9e-86cf-8beeea721448,9599ec1e-da60-4caa-9dd9-934d27bb5865,Chocolat Noir 200g,Alimentation,2,4.2,15,7.14
0658caea-e1ce-4c0c-bda6-a357e4e340f7,2ccfe5cb-c535-44dc-9909-b1394da9a224,61a65568-b49d-48e6-a0db-a3bfa0a08530,Pyjama Coton T36,Vetements Femme,3,34.9,0,104.7
997b2f8c-39fd-4593-bc66-349b75f3b52d,2ccfe5cb-c535-44dc-9909-b1394da9a224,324a464e-c79b-45f8-aa06-8b79a9b74997,Miel Montagne 500g,Alimentation,3,12.0,15,30.6
cd2d7570-009d-4fcc-a1ba-d8a99d8ccf14,9c21feaa-775a-411a-81af-6f5ac0bf98cc,9b62048c-fac2-42a6-b2c5-f1465a127437,SSD Externe 500Go,Informatique,3,79.9,0,239.7
35f04885-27e0-41a6-bc13-396e9dd9af46,9c21feaa-775a-411a-81af-6f5ac0bf98cc,cc93cc31-9fee-4ed3-a125-f60cbf8b292f,Bougies LED x6,Maison & Jardin,1,19.9,0,19.9
0ecf176e-0820-478c-9a70-cd70d28f17d0,9c21feaa-775a-411a-81af-6f5ac0bf98cc,1ca7da09-9ac2-4d35-8cbf-d5cbbbecd9fc,Gourde Inox 750ml,Sport & Plein air,1,24.9,0,24.9
cf4f03a2-80d8-41ce-8630-9cd5fb4d1dfa,9c21feaa-775a-411a-81af-6f5ac0bf98cc,65e63e2c-d330-45cf-8314-afa60fac661b,Corde a Sauter Pro,Sport & Plein air,2,16.9,0,33.8
de41ca6f-3355-4a04-a641-fb9eed357a49,1387610e-65b4-4c5c-9796-593dbcc03601,27e5ddea-3d39-4c7a-b399-ed52b4bb3c0c,Refroidisseur Laptop,Informatique,3,34.9,10,94.23
e5e6aa11-ccd8-482c-bd6f-2d7cf244de4e,1387610e-65b4-4c5c-9796-593dbcc03601,c5d9f432-71f0-4abb-8efd-52ebec6d6806,Calecon x2 M,Vetements Homme,4,22.9,10,82.44
58b207b4-0a08-4901-8c7e-65be10e6c757,1387610e-65b4-4c5c-9796-593dbcc03601,29a9e8db-6ad8-401c-bb67-fe312321caec,The Vert Bio,Alimentation,2,6.5,0,13.0
8fafd102-858c-4abe-9573-a84db18724d7,1387610e-65b4-4c5c-9796-593dbcc03601,55f29394-9142-446c-bd17-72da4eeb262f,T-shirt Coton Bio M,Vetements Homme,1,24.9,0,24.9
5702496a-a60a-49f5-8fcb-d638838f4699,1387610e-65b4-4c5c-9796-593dbcc03601,10697d4c-a898-425b-be16-e5e1d0a29076,Livre Apprentissage 3-6ans,Enfants & Jouets,2,14.9,0,29.8
18af9201-c3df-4926-8da2-5a14f5246a6f,d02fc1d7-3312-4211-af7b-49cf472e8cdc,7cde5453-322a-4db6-9b00-c315dc69f56e,Cafe Premium 250g,Alimentation,3,24.9,10,67.23
124c42df-86d9-4273-8bf7-0565fb2b8091,d02fc1d7-3312-4211-af7b-49cf472e8cdc,85fae7c5-2197-47e3-9704-512935b98f03,Ceinture Cuir 95cm,Vetements Homme,3,28.0,0,84.0
afbc0da9-31dd-47b3-b660-143cb4506076,48e215a3-22ce-48df-b724-f2ae13c6ab9e,29a9e8db-6ad8-401c-bb67-fe312321caec,The Vert Bio,Alimentation,1,6.5,15,5.52
b7e0fad9-a9af-4211-82d5-1ce048ef6e3f,e9a31c3a-6789-4f35-b4c4-09041c18c662,a8dfdf6e-d009-4d54-b453-8171273c44eb,Shampooing Keratine 300ml,Hygiene & Beaute,3,13.5,0,40.5
4e88704c-9632-4247-b6d0-cb644cc51dd2,e9a31c3a-6789-4f35-b4c4-09041c18c662,b2d7700d-d5da-41b9-9807-0ae229136ca5,Trottinette 3 roues,Enfants & Jouets,2,69.9,5,132.81
5b4d1d7d-ead5-47b2-b89d-eba976c12e4f,e9a31c3a-6789-4f35-b4c4-09041c18c662,9bd1b170-13cc-447d-ad78-be7c34856051,Cadre Photo Bois 20x30cm,Maison & Jardin,4,18.5,5,70.3
33bd0bdd-cd92-48e3-85cd-bf1894ad0a03,e9a31c3a-6789-4f35-b4c4-09041c18c662,7cde5453-322a-4db6-9b00-c315dc69f56e,Cafe Premium 250g,Alimentation,1,24.9,0,24.9
d81cdad0-b6c3-492f-94c3-aa3c29c31c31,d4005b6f-e379-4163-9fdf-d5c307021857,4be4bb9e-1bc2-42b6-b5cb-175be7b68d66,Webcam Full HD,Electronique,2,79.9,0,159.8
7c90a3ee-2e74-448d-833e-a66a1681ad9f,d4005b6f-e379-4163-9fdf-d5c307021857,49b860d3-8db0-4bec-9423-a58cf287af26,Confiture Artisanale 350g,Alimentation,1,7.2,15,6.12
ac2ad6dd-efb5-43ec-8862-89e717411bfd,d4005b6f-e379-4163-9fdf-d5c307021857,bfc9b22e-c411-4b6a-9bad-60c66b70c4bb,Pate a Modeler x6,Enfants & Jouets,4,16.9,5,64.22
3ab1c069-5dcc-4b37-a27a-078bcb2caad2,d4005b6f-e379-4163-9fdf-d5c307021857,b0a95dcf-c2b6-4dc1-8c92-6682e60f1db6,Plante Succulente 12cm,Maison & Jardin,3,9.9,0,29.7
0877ecee-7224-4fed-a52d-30eae1252327,d4005b6f-e379-4163-9fdf-d5c307021857,e740d34e-12de-4a5d-b98c-29a8bef59e3f,BD Manga Tome 1,Librairie & Culture,3,8.5,0,25.5
3619d2ff-7a42-42fb-b598-1df8aa56acdc,5d1474b2-01f2-4daa-92ae-006cf6db2896,fe54cf3f-3c3f-45bd-9976-e406355c520c,Sac Sport 30L,Sport & Plein air,2,44.9,0,89.8
1ca4ed7d-ef23-4ce2-adb8-b53a17a4d055,59c2b2d2-0d97-4b6c-9197-5358ad136fb5,9b62048c-fac2-42a6-b2c5-f1465a127437,SSD Externe 500Go,Informatique,3,79.9,10,215.73
6f9b316b-de1f-4937-a98e-28265576841a,e35fd6ca-b407-49f5-afe8-0cc8ae88174b,8bc06fa0-0191-41a6-ae1f-da9c97d30f1a,Chemise Oxford M,Vetements Homme,4,54.9,10,197.64
c572bed3-52e5-4af5-b3dd-c4d14e9f5ccb,e35fd6ca-b407-49f5-afe8-0cc8ae88174b,b0a95dcf-c2b6-4dc1-8c92-6682e60f1db6,Plante Succulente 12cm,Maison & Jardin,2,9.9,15,16.83
9ba8734f-f12c-46ed-bbac-8a84d90e8a1c,f27a05e8-306a-4807-a0be-5383a8d06355,85fae7c5-2197-47e3-9704-512935b98f03,Ceinture Cuir 95cm,Vetements Homme,2,28.0,0,56.0
36855f3d-0625-474f-9732-3405f04038e4,f27a05e8-306a-4807-a0be-5383a8d06355,7e47065f-a924-4cbe-9e36-1c904b74e274,Adaptateur USB-A/C,Informatique,3,11.9,5,33.91
ca3b7bd2-ad95-46f5-b84c-2edc2456eb27,f27a05e8-306a-4807-a0be-5383a8d06355,463133c4-69e7-4459-8842-db3c346fd495,Bougie Parfumee Vanille,Maison & Jardin,1,14.9,0,14.9
33d8849d-c1d1-41af-b9f3-c6d937bc288d,f27a05e8-306a-4807-a0be-5383a8d06355,fe54cf3f-3c3f-45bd-9976-e406355c520c,Sac Sport 30L,Sport & Plein air,4,44.9,0,179.6
135185e8-8bc2-42d9-9c5d-99ca140d7073,8117f899-7557-4637-b973-c6d3e322487e,917ba3a4-8989-45bc-81c6-8bc0f0ede246,Rouge a Levres Mat,Hygiene & Beaute,3,19.0,0,57.0
1859ef36-cd5d-4064-97d8-873cb40b76d2,6bff1419-e644-49d3-8ed5-0eb20b238129,c5d9f432-71f0-4abb-8efd-52ebec6d6806,Calecon x2 M,Vetements Homme,4,22.9,15,77.86
eea70c94-44e5-4c0a-b322-a78784058b07,e52f52a3-2003-4e1d-bab2-6ecc7e967d4d,7153c8b9-4015-413b-8de9-779ff764513c,Lego Classic 500p,Enfants & Jouets,4,44.9,0,179.6
f806307f-5c17-466d-8ec1-96471e83c658,e52f52a3-2003-4e1d-bab2-6ecc7e967d4d,2798ff21-b62e-41cc-a2a8-f3e585ee5376,Resistance Elastique x5,Sport & Plein air,3,22.9,5,65.26
c529cef9-3e20-4ac9-b732-12849d655dd2,e52f52a3-2003-4e1d-bab2-6ecc7e967d4d,49b860d3-8db0-4bec-9423-a58cf287af26,Confiture Artisanale 350g,Alimentation,1,7.2,15,6.12
0ce0e46d-b93a-4ef5-a794-719909ab8bb8,3032eb06-cf60-43d4-ad5d-1da254c346e3,520cd94f-e81a-4830-b86e-3f53a546dace,Guide Voyage Paris 2024,Librairie & Culture,1,18.9,0,18.9
8b1f09ec-0085-45e9-9ecb-d602d83ec255,3032eb06-cf60-43d4-ad5d-1da254c346e3,c5d9f432-71f0-4abb-8efd-52ebec6d6806,Calecon x2 M,Vetements Homme,2,22.9,15,38.93
90be4a26-c4bd-45b5-b244-97518719238e,3032eb06-cf60-43d4-ad5d-1da254c346e3,921d0b8d-f098-4b94-8af6-502274942eed,Legging Sport T40,Vetements Femme,3,32.9,0,98.7
1cf052ba-ed3e-4c29-98de-77f09f519960,3032eb06-cf60-43d4-ad5d-1da254c346e3,2798ff21-b62e-41cc-a2a8-f3e585ee5376,Resistance Elastique x5,Sport & Plein air,1,22.9,0,22.9
9ba4351f-b685-4a59-8e48-7bde5920c4a4,3032eb06-cf60-43d4-ad5d-1da254c346e3,53d91849-075b-4e7b-b698-ecc816d9f197,Pantalon Tailleur T42,Vetements Femme,4,74.9,10,269.64
c7f59fa7-5455-468a-bf83-eeaf2e4f862d,d98ba6b4-f10a-4660-a3da-878a1c97de62,b69bbc53-072e-4c83-a233-44678e884b11,Top Basique x2 T40,Vetements Femme,1,29.9,0,29.9
9aea86bd-98ca-49e1-8e86-449a82d5b56c,d98ba6b4-f10a-4660-a3da-878a1c97de62,064bae16-3088-4ebe-a393-130278960bff,Masque Hydratant 75ml,Hygiene & Beaute,4,24.5,0,98.0
3457acd3-4ab2-4468-9150-4d91ef8775e5,d98ba6b4-f10a-4660-a3da-878a1c97de62,c5d9f432-71f0-4abb-8efd-52ebec6d6806,Calecon x2 M,Vetements Homme,2,22.9,0,45.8
69e7c919-6230-4c9b-8a09-08d41bf0d9a2,d98ba6b4-f10a-4660-a3da-878a1c97de62,c8626acb-92f1-4e4c-8274-e69f2a894a9a,Chaussettes Laine x3,Vetements Homme,3,16.9,15,43.09
289a67ae-cc3b-4333-9f5f-964ea9568d50,d98ba6b4-f10a-4660-a3da-878a1c97de62,0a53560e-8764-42d9-b54e-3786c7cb1ea5,Veste Legere M,Vetements Homme,2,89.0,0,178.0
26d7b2a3-97a4-4eef-b6fa-a04a39eba9aa,4d10d5ef-0c14-48b9-ad18-fa5d2d0e3845,510db9b3-f3eb-4880-b8c9-6a2ca4832010,Riz Basmati 1kg,Alimentation,2,5.9,5,11.21
d2f1f913-1049-47c0-acbc-a27c71e24c7c,4d10d5ef-0c14-48b9-ad18-fa5d2d0e3845,c74c07e9-8e5d-47b2-955e-01d12a25de99,Parfum Floral 50ml,Hygiene & Beaute,4,45.0,0,180.0
d442ca12-09bf-40bd-a40d-7f80e9771b26,4d10d5ef-0c14-48b9-ad18-fa5d2d0e3845,1727047f-b6d5-4a4d-9b97-44fa2bc7a04a,Nettoyant Ecran 200ml,Informatique,4,9.9,5,37.62
8d840194-ea5e-4f44-9361-7558ee83f78d,4d10d5ef-0c14-48b9-ad18-fa5d2d0e3845,d16bc416-d44f-4c60-8b27-2ec2a5cf240d,Genouilleres x2,Sport & Plein air,3,22.9,0,68.7
e3c50a73-3c3f-40f7-aad1-e0d4e5f08924,4d10d5ef-0c14-48b9-ad18-fa5d2d0e3845,78eb7e80-11d7-4b1c-ab14-c86b0293c0f4,Deodorant Bio 75ml,Hygiene & Beaute,1,8.9,0,8.9
f3562873-8ac4-4683-a177-69b85dea69bc,a0bb0451-5376-414e-9b57-9fa0e3d2bd11,49b860d3-8db0-4bec-9423-a58cf287af26,Confiture Artisanale 350g,Alimentation,2,7.2,0,14.4
8377a7d8-b486-4001-87a3-e7f2119159ae,a0bb0451-5376-414e-9b57-9fa0e3d2bd11,3f398058-4f08-47e3-b135-42c66d22b99e,Enceinte Portable IP67,Electronique,4,49.9,0,199.6
fb8cdf1a-0da8-47e7-b2b4-c0f0c1349905,a0bb0451-5376-414e-9b57-9fa0e3d2bd11,9eb584ea-c0ca-4f4a-a9be-19a5a1adc51f,Vase Ceramique 25cm,Maison & Jardin,3,32.0,0,96.0
4d82f479-0a17-4240-94f1-fd3942dc88e0,a0bb0451-5376-414e-9b57-9fa0e3d2bd11,98e84593-be19-46b8-8ed0-e67dbb6f98a1,Serum Vitamine C 30ml,Hygiene & Beaute,1,32.0,10,28.8
98d105a2-40fc-4747-ade3-b5ca15732c39,a0bb0451-5376-414e-9b57-9fa0e3d2bd11,65e63e2c-d330-45cf-8314-afa60fac661b,Corde a Sauter Pro,Sport & Plein air,3,16.9,15,43.09
bb190d85-0516-4493-b148-533ea3d7ac72,41a81c78-ee96-49fa-867a-bcb784b97b18,c8626acb-92f1-4e4c-8274-e69f2a894a9a,Chaussettes Laine x3,Vetements Homme,4,16.9,0,67.6
1c5f006a-c1dc-45b8-baa7-5edf433da090,41a81c78-ee96-49fa-867a-bcb784b97b18,4f252480-aa7f-4b8e-bf2d-d93e5549c209,Tapis Souris XXL,Informatique,2,22.9,0,45.8
5a40f709-e701-4bbc-8738-5192780069e0,41a81c78-ee96-49fa-867a-bcb784b97b18,4df4efe8-4f37-4322-a64b-ae3f8be676f8,Blouse Soie T36,Vetements Femme,1,64.9,15,55.17
18f45284-8003-4bc6-a3b3-112f0f9f9b7f,41a81c78-ee96-49fa-867a-bcb784b97b18,3c9d9490-d8b2-4232-8727-54e2009847e8,Creme Hydratante 50ml,Hygiene & Beaute,2,18.9,15,32.13
7407df60-9c34-409f-a066-3c62322353bb,41a81c78-ee96-49fa-867a-bcb784b97b18,f585c792-4c3b-4b38-bc6f-a76604b54899,Pull Col V XL,Vetements Homme,1,49.9,5,47.4
2bec93bb-12e8-4dda-aea8-695159d27c6b,41a81c78-ee96-49fa-867a-bcb784b97b18,d11f6661-cd48-4f7e-946e-db1adfcdf96a,Casquette Running,Sport & Plein air,3,19.9,10,53.73
3c700250-e7fc-4d8c-beff-9f47fd11f478,0ebc6169-48db-4077-ae69-4b7ebed4fc83,1b0588e4-76ce-46c2-bc64-96c88d0a1f08,Lampe Bureau LED,Maison & Jardin,1,39.9,0,39.9
53bb95a0-630f-4c08-9c24-004b62182175,0ebc6169-48db-4077-ae69-4b7ebed4fc83,510db9b3-f3eb-4880-b8c9-6a2ca4832010,Riz Basmati 1kg,Alimentation,4,5.9,10,21.24
6ddd7b6f-00eb-46e7-ae7c-fbec4e08bba2,0ebc6169-48db-4077-ae69-4b7ebed4fc83,7153c8b9-4015-413b-8de9-779ff764513c,Lego Classic 500p,Enfants & Jouets,2,44.9,10,80.82
25d720fc-93bd-48f5-ab03-971febae60e6,ea7778de-ecac-4c6d-8cd7-783c418576f3,9b62048c-fac2-42a6-b2c5-f1465a127437,SSD Externe 500Go,Informatique,1,79.9,15,67.92
0632afd1-2597-4d87-8677-aa64e78b46cf,ea7778de-ecac-4c6d-8cd7-783c418576f3,520cd94f-e81a-4830-b86e-3f53a546dace,Guide Voyage Paris 2024,Librairie & Culture,1,18.9,5,17.95
6ed4c756-d147-4d81-9c59-b2d70500c897,ea7778de-ecac-4c6d-8cd7-783c418576f3,8aa1e4f4-aae5-4cc4-98db-69787751225e,Short Sport L,Vetements Homme,4,29.9,0,119.6
fdc6b755-a519-4a81-b6d6-8a2ba303e08f,ea7778de-ecac-4c6d-8cd7-783c418576f3,d16bc416-d44f-4c60-8b27-2ec2a5cf240d,Genouilleres x2,Sport & Plein air,3,22.9,10,61.83
8d88624b-5427-42e7-a612-fb6b558336a6,ea7778de-ecac-4c6d-8cd7-783c418576f3,acaef059-6b25-4b00-aab6-8e4cad526bff,Crayons Couleur x24,Enfants & Jouets,4,12.9,15,43.86
297d0d0f-4966-4b76-87ce-5f90204a8a9a,ea7778de-ecac-4c6d-8cd7-783c418576f3,7e47065f-a924-4cbe-9e36-1c904b74e274,Adaptateur USB-A/C,Informatique,2,11.9,15,20.23
79893dff-a0f7-4a96-873f-630d7a593325,a7b01665-56e2-4f1e-8110-6401d336a868,1e68c96e-2a75-49f5-aa8e-131be96519c7,Casque Audio ANC,Electronique,1,189.0,5,179.55
f6731536-9ba7-400d-82cb-61a94c731494,a7b01665-56e2-4f1e-8110-6401d336a868,1727047f-b6d5-4a4d-9b97-44fa2bc7a04a,Nettoyant Ecran 200ml,Informatique,2,9.9,5,18.81
c3322afd-3adb-424d-9093-3f62b942a719,a7b01665-56e2-4f1e-8110-6401d336a868,cc93cc31-9fee-4ed3-a125-f60cbf8b292f,Bougies LED x6,Maison & Jardin,1,19.9,10,17.91
588a08f8-2318-4b82-9a9f-14bb88cd3436,8c4630dd-f5c1-4530-90d8-f975404574a7,7153c8b9-4015-413b-8de9-779ff764513c,Lego Classic 500p,Enfants & Jouets,2,44.9,0,89.8
bda440b3-eb82-4201-aea3-dcc58a024acf,b58b7af5-281b-4d68-909c-85e7dc431d76,2ae13790-626b-4872-86d1-9ac3982f44ef,Cardigan Long T38,Vetements Femme,3,54.9,0,164.7
4df9d23f-d8bd-4f27-8390-e280beef8bc7,b58b7af5-281b-4d68-909c-85e7dc431d76,b0a95dcf-c2b6-4dc1-8c92-6682e60f1db6,Plante Succulente 12cm,Maison & Jardin,2,9.9,0,19.8
3c3c247f-694d-4483-b906-4f41ec518922,b58b7af5-281b-4d68-909c-85e7dc431d76,1c730876-e2d5-4a51-afd1-7b1b4f0c16c6,Bidon Velo 600ml,Sport & Plein air,3,14.9,5,42.47
90cf1659-213b-441b-a25f-206d5a050d96,b58b7af5-281b-4d68-909c-85e7dc431d76,b726ad0d-f19b-428f-b2dd-990032ee98fc,Stylo Roller,Librairie & Culture,1,12.9,0,12.9
ab67ff24-3227-4b48-9fec-e4edb5447b9b,b58b7af5-281b-4d68-909c-85e7dc431d76,520cd94f-e81a-4830-b86e-3f53a546dace,Guide Voyage Paris 2024,Librairie & Culture,2,18.9,10,34.02
da93a545-68b3-431c-8d93-23718838939a,b58b7af5-281b-4d68-909c-85e7dc431d76,39c61fbc-1f8c-42a0-b463-f715b3137c5c,Collants x3 T2,Vetements Femme,2,12.9,0,25.8
849a8ab4-fce0-4ec0-b27c-62c13a534ce6,985449f8-5bec-4b1e-940f-8f4ed59e6dbd,d6506210-2f3d-477e-af3e-7b05ed5e8193,Dentifrice Blancheur,Hygiene & Beaute,2,6.8,0,13.6
eb9f684a-0651-4ff0-9ae8-16d9188379fe,985449f8-5bec-4b1e-940f-8f4ed59e6dbd,1727047f-b6d5-4a4d-9b97-44fa2bc7a04a,Nettoyant Ecran 200ml,Informatique,1,9.9,0,9.9
15c1525e-5631-4277-95f4-901bc0086116,985449f8-5bec-4b1e-940f-8f4ed59e6dbd,4f252480-aa7f-4b8e-bf2d-d93e5549c209,Tapis Souris XXL,Informatique,1,22.9,0,22.9
730a655e-1ba4-45fa-b7d5-c369248e21d2,985449f8-5bec-4b1e-940f-8f4ed59e6dbd,4139b0d0-99ea-4a85-9a52-bf184ee80bd7,Cable USB-C 2m,Electronique,4,12.9,10,46.44
bdfdc12d-0742-4613-a076-0244c043c3e5,9db80937-1e63-48af-995c-0d071341318e,b0a95dcf-c2b6-4dc1-8c92-6682e60f1db6,Plante Succulente 12cm,Maison & Jardin,3,9.9,10,26.73
cff93821-f3f2-4f96-bd1f-3ef54cc4abf2,9db80937-1e63-48af-995c-0d071341318e,1727047f-b6d5-4a4d-9b97-44fa2bc7a04a,Nettoyant Ecran 200ml,Informatique,3,9.9,10,26.73
2c099687-f033-4ba8-aec4-c9957d9fc214,9db80937-1e63-48af-995c-0d071341318e,57038056-b884-4263-afbc-ab2436c953a1,Cable HDMI 2m,Informatique,4,18.9,0,75.6
3c93dc08-430e-4284-bbbd-37f9627af81e,2cc87e5c-90d9-48d6-a015-6bfe7c997a90,d11f6661-cd48-4f7e-946e-db1adfcdf96a,Casquette Running,Sport & Plein air,4,19.9,0,79.6
00cda30b-888d-4da1-851e-8a992883165b,2cc87e5c-90d9-48d6-a015-6bfe7c997a90,38b659e5-40f5-497d-9e4a-c633ac6e1f12,Puzzle 500 pieces,Enfants & Jouets,4,19.9,15,67.66
aa8a439a-4b02-4d77-94f3-04abb7181ede,2cc87e5c-90d9-48d6-a015-6bfe7c997a90,2798ff21-b62e-41cc-a2a8-f3e585ee5376,Resistance Elastique x5,Sport & Plein air,4,22.9,10,82.44
92181b86-07d8-405a-a5c4-7187d6668c2d,2cc87e5c-90d9-48d6-a015-6bfe7c997a90,b000e5a6-5167-4c6b-9616-3330fce1b1e8,Batterie Externe 20000mAh,Electronique,1,39.9,0,39.9
7a91da05-9db5-4773-8114-8ad149bd1811,2cc87e5c-90d9-48d6-a015-6bfe7c997a90,1727047f-b6d5-4a4d-9b97-44fa2bc7a04a,Nettoyant Ecran 200ml,Informatique,2,9.9,10,17.82
e03c77fd-e7d8-46b8-8f3b-621d1826576d,2cc87e5c-90d9-48d6-a015-6bfe7c997a90,4f252480-aa7f-4b8e-bf2d-d93e5549c209,Tapis Souris XXL,Informatique,2,22.9,0,45.8
3c809554-25c8-4b10-bd0d-610d4d6b9734,610f48e5-481d-41c9-81d3-6a424368672d,c74c07e9-8e5d-47b2-955e-01d12a25de99,Parfum Floral 50ml,Hygiene & Beaute,3,45.0,0,135.0
b653ea58-e0ab-435f-a84f-bd6b78d23af6,610f48e5-481d-41c9-81d3-6a424368672d,510db9b3-f3eb-4880-b8c9-6a2ca4832010,Riz Basmati 1kg,Alimentation,3,5.9,15,15.05
3aefb5c5-9098-4ab2-aa44-1abeb1d742a1,610f48e5-481d-41c9-81d3-6a424368672d,c8626acb-92f1-4e4c-8274-e69f2a894a9a,Chaussettes Laine x3,Vetements Homme,4,16.9,0,67.6
b2c3aad1-c9f7-457b-b025-f978d3792b54,610f48e5-481d-41c9-81d3-6a424368672d,97ab6030-7b11-401c-a327-fe869e97cd1a,Souris sans fil,Electronique,3,35.9,15,91.54
e34bfef1-c3fa-45f8-b0ac-a5178ed77f9a,610f48e5-481d-41c9-81d3-6a424368672d,8e71516c-5d57-4a0e-b138-ad2a1f0a5752,Filtre Ecran 27,Informatique,1,39.9,10,35.91
3c4dfd5e-b584-4cfa-ade5-24a7c14b6589,610f48e5-481d-41c9-81d3-6a424368672d,176fc13c-276f-4a59-a334-81647b64335f,Fromage AOP 200g,Alimentation,2,11.0,0,22.0
3fcd9cfd-ade9-4b79-b465-b25c6cfa1ddb,2265f556-6731-4564-85d6-7da2fd522b61,9edff71a-2a3e-475c-ac3c-93b59afdfb6d,Jupe Plissee T38,Vetements Femme,2,39.9,0,79.8
1cd70845-2b41-4a07-85f0-11f99e64d2d1,2265f556-6731-4564-85d6-7da2fd522b61,864e1b92-332e-46be-aaa1-ed56c7bec90d,Foulard Soie,Vetements Femme,3,28.0,10,75.6
c7bdd47b-6ada-462f-a455-e9ddd0a63f03,2265f556-6731-4564-85d6-7da2fd522b61,ddb5fbc7-1b4f-487a-9db7-314a08d33310,Cle USB 64Go,Informatique,3,14.9,10,40.23
90741da1-ed24-4deb-a782-20b1e4fc2e98,2265f556-6731-4564-85d6-7da2fd522b61,9eb584ea-c0ca-4f4a-a9be-19a5a1adc51f,Vase Ceramique 25cm,Maison & Jardin,1,32.0,0,32.0
82577290-d0d2-4b10-a601-ced2a6929970,2265f556-6731-4564-85d6-7da2fd522b61,49b860d3-8db0-4bec-9423-a58cf287af26,Confiture Artisanale 350g,Alimentation,1,7.2,0,7.2
45720b01-4adb-4e4a-9771-b48da67acdc9,e007e58d-c169-4c80-8b8b-239769c03dbf,10697d4c-a898-425b-be16-e5e1d0a29076,Livre Apprentissage 3-6ans,Enfants & Jouets,3,14.9,5,42.47
37922f3f-2b07-4321-bde3-5b35fe2df02f,e8034265-60ba-49df-b825-a52e6afd5182,f5aff64e-4647-4daf-be5a-e6da77e53f50,Polo Pique L,Vetements Homme,2,39.9,0,79.8
a4759f4f-c844-4f93-b589-feef75243886,eae4b5fb-4e0e-4790-bef7-29d8703ddec4,d6506210-2f3d-477e-af3e-7b05ed5e8193,Dentifrice Blancheur,Hygiene & Beaute,2,6.8,0,13.6
1e6ba1e9-1606-46f8-9569-ec95a4102173,eae4b5fb-4e0e-4790-bef7-29d8703ddec4,da597ed2-e788-4c91-9c98-bb0d45fb5d78,Marque-pages x10,Librairie & Culture,4,7.9,15,26.86
7ac145c1-60d4-4255-b8e9-eb04ac54d030,eae4b5fb-4e0e-4790-bef7-29d8703ddec4,b0a95dcf-c2b6-4dc1-8c92-6682e60f1db6,Plante Succulente 12cm,Maison & Jardin,2,9.9,0,19.8
7dc4ae5e-66a7-40a3-be8e-78f0c6f96151,eae4b5fb-4e0e-4790-bef7-29d8703ddec4,361412d0-6dd1-4fe2-ac9b-a8defe9d127b,Robe Fleurie T38,Vetements Femme,2,44.9,5,85.31
092187e5-74c5-4979-88be-e1bfaafd5d35,0bed2f89-16bb-4fc1-9d89-692c66b900a0,651625b5-6c3f-416b-893e-adb901976bdb,Coloriage Adulte Zen,Librairie & Culture,2,16.9,5,32.11
64f07680-0657-4e06-89f8-89f971c6c2c2,0bed2f89-16bb-4fc1-9d89-692c66b900a0,8aa1e4f4-aae5-4cc4-98db-69787751225e,Short Sport L,Vetements Homme,4,29.9,0,119.6
ae83c1db-7b1b-46dd-8258-d54fba7f4bc8,0bed2f89-16bb-4fc1-9d89-692c66b900a0,d6506210-2f3d-477e-af3e-7b05ed5e8193,Dentifrice Blancheur,Hygiene & Beaute,1,6.8,15,5.78
03a500ba-6a12-4313-a520-a70f46d234f1,1db69315-24d8-4537-877c-c010abf0a767,27e5ddea-3d39-4c7a-b399-ed52b4bb3c0c,Refroidisseur Laptop,Informatique,4,34.9,0,139.6
ea5dabee-9e51-41b8-88dd-4233a9a15d8b,1db69315-24d8-4537-877c-c010abf0a767,01af6c33-ee76-405e-a57d-ac7a2c08b768,Pot Terracotta,Maison & Jardin,4,16.9,0,67.6
80699f5a-3882-44cc-aa3a-c0d562a87be8,1db69315-24d8-4537-877c-c010abf0a767,d811eb5f-f34c-407a-b79d-dc80b7e58c54,Cahier Dot Grid A5,Librairie & Culture,3,9.9,10,26.73
d93561e0-8931-4280-9d0a-2f55a33c212b,1db69315-24d8-4537-877c-c010abf0a767,6efd53c2-2042-4891-869f-044486bc1ce4,Cartes Postales x20,Librairie & Culture,2,14.9,10,26.82
d701ca38-172d-4a5b-b1cd-5a9d143db4f7,fb5298a0-ce7d-4377-9701-5b6850a8b40b,cc93cc31-9fee-4ed3-a125-f60cbf8b292f,Bougies LED x6,Maison & Jardin,2,19.9,0,39.8
609dd22f-dd32-443b-871c-39d2f49ee2e7,34ba19de-477b-4187-876a-748491bcec62,97ab6030-7b11-401c-a327-fe869e97cd1a,Souris sans fil,Electronique,4,35.9,0,143.6
34c5029b-81cf-486d-9172-ff72c67c1ed1,6cfe0a6e-ba6f-445e-b64c-daac0e0a126a,866b0686-48e0-4391-bdc6-1962087695d1,Dinette Bois 15p,Enfants & Jouets,4,39.9,15,135.66
2ebb15ee-0282-470a-a147-470f263f9a23,6cfe0a6e-ba6f-445e-b64c-daac0e0a126a,7b86d596-bb3b-461f-a940-e05884ff7f04,Huile Corps 200ml,Hygiene & Beaute,3,16.5,0,49.5
e31a99cc-4c61-4408-a228-cb0fe33c840b,6cfe0a6e-ba6f-445e-b64c-daac0e0a126a,f5aff64e-4647-4daf-be5a-e6da77e53f50,Polo Pique L,Vetements Homme,4,39.9,5,151.62
550780ce-7354-4c43-8183-2618a28bb029,6cfe0a6e-ba6f-445e-b64c-daac0e0a126a,9eb584ea-c0ca-4f4a-a9be-19a5a1adc51f,Vase Ceramique 25cm,Maison & Jardin,3,32.0,5,91.2
3c2f5055-ee70-4f74-a744-e238cacc339b,40b278c6-4458-4c54-aa1b-f6cd335a9293,4139b0d0-99ea-4a85-9a52-bf184ee80bd7,Cable USB-C 2m,Electronique,1,12.9,5,12.25
67a9b80e-133d-454b-86e2-a8db2fba781f,40b278c6-4458-4c54-aa1b-f6cd335a9293,d843aeb4-680c-4613-8710-e9a66cd933ee,Huile Olive 1L,Alimentation,1,14.5,10,13.05
4fd6ca0c-47ad-4895-9b0a-a4affec9d6e7,40b278c6-4458-4c54-aa1b-f6cd335a9293,b00c7319-8ff5-4884-9b70-270bd105fe2b,Jeu de Societe Famille,Enfants & Jouets,3,32.0,0,96.0
73b62a39-929c-4cea-86ba-5d7bc99cfb92,40b278c6-4458-4c54-aa1b-f6cd335a9293,d96aace6-b874-4a52-b833-fdb260e2e23c,Nappe Coton 140x200cm,Maison & Jardin,3,28.0,0,84.0
0a3c1f6d-a369-4c60-98e6-894c2d5874b8,40b278c6-4458-4c54-aa1b-f6cd335a9293,b726ad0d-f19b-428f-b2dd-990032ee98fc,Stylo Roller,Librairie & Culture,3,12.9,5,36.77
7527aa8b-2ad6-4ea7-a376-5655cf1b59d4,0e5f350c-94c1-46cd-a7dc-39c05cb7dd6d,1c6a443f-f113-4ea5-9a1d-b88b11a124fa,Gants Fitness M,Sport & Plein air,1,18.9,0,18.9
dd3ddbf8-24c1-4623-ac3b-3bea383f70fb,0e5f350c-94c1-46cd-a7dc-39c05cb7dd6d,8aa1e4f4-aae5-4cc4-98db-69787751225e,Short Sport L,Vetements Homme,3,29.9,0,89.7
8c64a68a-557a-4fcd-92b0-0c37b1eb76a4,0e5f350c-94c1-46cd-a7dc-39c05cb7dd6d,55f29394-9142-446c-bd17-72da4eeb262f,T-shirt Coton Bio M,Vetements Homme,2,24.9,5,47.31
3c4487bb-beee-4911-8805-0b548c37ac4d,5c868000-ff11-40f2-888c-74ae7b45ff30,b00c7319-8ff5-4884-9b70-270bd105fe2b,Jeu de Societe Famille,Enfants & Jouets,3,32.0,15,81.6
5bcf1482-dae7-42a5-9947-0086ad888d21,5c868000-ff11-40f2-888c-74ae7b45ff30,49b860d3-8db0-4bec-9423-a58cf287af26,Confiture Artisanale 350g,Alimentation,2,7.2,5,13.68
cdc4748d-dfa8-4c78-9f11-d28aed0e3f41,5c868000-ff11-40f2-888c-74ae7b45ff30,98e84593-be19-46b8-8ed0-e67dbb6f98a1,Serum Vitamine C 30ml,Hygiene & Beaute,2,32.0,5,60.8
f5c12939-8019-47a1-9439-c9a41b87e932,58b8bd0e-4715-4754-ab3f-d68ad28897f5,f32a9b7e-2b33-4534-838c-15f252413c12,Apres-rasage Bois,Hygiene & Beaute,4,22.0,0,88.0
6794973d-c638-4de2-8b8b-9d95c019335a,58b8bd0e-4715-4754-ab3f-d68ad28897f5,9b62048c-fac2-42a6-b2c5-f1465a127437,SSD Externe 500Go,Informatique,1,79.9,0,79.9
7ffab5f3-6ee0-4552-9240-acf9dd6cd50f,58b8bd0e-4715-4754-ab3f-d68ad28897f5,bfc9b22e-c411-4b6a-9bad-60c66b70c4bb,Pate a Modeler x6,Enfants & Jouets,4,16.9,5,64.22
5d4e41bc-4e22-4a29-9c19-c4902536e940,b2e84d22-18d8-46cc-9dff-24566634ed2f,c7813958-24a2-40f9-bae8-aa4fba47a26f,Montre Connectee Sport,Electronique,4,129.0,0,516.0
bcbf8f70-e772-49ee-b159-00a2fabaad3d,b2e84d22-18d8-46cc-9dff-24566634ed2f,f14e8c71-c3ad-4136-80e5-4cb954c4371d,Support Telephone Voiture,Electronique,4,22.0,15,74.8
88956377-f0c7-4985-9627-affa2b05c388,b2e84d22-18d8-46cc-9dff-24566634ed2f,b00c7319-8ff5-4884-9b70-270bd105fe2b,Jeu de Societe Famille,Enfants & Jouets,3,32.0,15,81.6
5100ac71-d4b6-43e2-ac70-94906a891dfb,13d1b538-ccf6-4a2e-9d02-7f617877a51f,c74c07e9-8e5d-47b2-955e-01d12a25de99,Parfum Floral 50ml,Hygiene & Beaute,1,45.0,0,45.0
87ddd917-ef25-42a7-bee1-3080d684b2e3,13d1b538-ccf6-4a2e-9d02-7f617877a51f,651625b5-6c3f-416b-893e-adb901976bdb,Coloriage Adulte Zen,Librairie & Culture,1,16.9,15,14.36
5779b1dd-b26e-43bf-939b-edc86314d612,13d1b538-ccf6-4a2e-9d02-7f617877a51f,9599ec1e-da60-4caa-9dd9-934d27bb5865,Chocolat Noir 200g,Alimentation,2,4.2,0,8.4
3ac6191d-fee6-43b0-8c6b-062f59a73615,bf086022-87c8-4ed6-8380-bacc62385b7c,520cd94f-e81a-4830-b86e-3f53a546dace,Guide Voyage Paris 2024,Librairie & Culture,4,18.9,5,71.82
fea51a46-b7bb-40da-a8b9-b24aa8f416f9,bf086022-87c8-4ed6-8380-bacc62385b7c,e740d34e-12de-4a5d-b98c-29a8bef59e3f,BD Manga Tome 1,Librairie & Culture,3,8.5,15,21.68
e53eaf14-2988-46f1-9282-95dd19ca2ac0,bf086022-87c8-4ed6-8380-bacc62385b7c,04d68a7c-efec-4e2a-9fe1-efcf7a7cdb7b,Livre Recettes Vege,Librairie & Culture,4,28.0,0,112.0
96c1cb7f-e9b9-4896-bdcc-1b8710a648a3,bf086022-87c8-4ed6-8380-bacc62385b7c,3f398058-4f08-47e3-b135-42c66d22b99e,Enceinte Portable IP67,Electronique,2,49.9,10,89.82
681c1654-77ad-45b2-8940-fefde37dac21,bf086022-87c8-4ed6-8380-bacc62385b7c,b00c7319-8ff5-4884-9b70-270bd105fe2b,Jeu de Societe Famille,Enfants & Jouets,2,32.0,15,54.4
9d2f8a76-4c99-40b4-b831-f6f79076ecd1,f4d5d194-7d97-4ea4-8d7e-f9dc2ee8d6b1,a2aa398f-fa8d-4ccf-846e-d797ac5ce4b5,Peluche Lapin 40cm,Enfants & Jouets,2,24.9,0,49.8
48e427ae-2426-47bb-a776-909a503e9aa6,f4d5d194-7d97-4ea4-8d7e-f9dc2ee8d6b1,57038056-b884-4263-afbc-ab2436c953a1,Cable HDMI 2m,Informatique,2,18.9,10,34.02
05529ac2-c82b-41e9-afc6-ddf0c39c0141,f4d5d194-7d97-4ea4-8d7e-f9dc2ee8d6b1,d843aeb4-680c-4613-8710-e9a66cd933ee,Huile Olive 1L,Alimentation,2,14.5,5,27.55
7d0ee15f-f81d-4225-8ebf-66118e9ee59a,f4d5d194-7d97-4ea4-8d7e-f9dc2ee8d6b1,55f29394-9142-446c-bd17-72da4eeb262f,T-shirt Coton Bio M,Vetements Homme,1,24.9,0,24.9
af00a969-3e5a-4ffd-b343-817cc5f011c4,194a59cd-50cd-4c1a-9ab3-f6c78a59e6d2,fe54cf3f-3c3f-45bd-9976-e406355c520c,Sac Sport 30L,Sport & Plein air,1,44.9,0,44.9
71874123-873a-44cb-a2c9-2c811861e086,194a59cd-50cd-4c1a-9ab3-f6c78a59e6d2,921d0b8d-f098-4b94-8af6-502274942eed,Legging Sport T40,Vetements Femme,1,32.9,10,29.61
1435d864-4834-4a36-8732-ddb89da538fc,194a59cd-50cd-4c1a-9ab3-f6c78a59e6d2,f14e8c71-c3ad-4136-80e5-4cb954c4371d,Support Telephone Voiture,Electronique,1,22.0,0,22.0
c6630f2f-06d4-4361-847d-5799d121e99e,37c195d8-0f11-456a-88aa-e35dcf9d1aa8,fe54cf3f-3c3f-45bd-9976-e406355c520c,Sac Sport 30L,Sport & Plein air,2,44.9,0,89.8
6b0c321d-f4f9-4a9d-9d4d-06dd22c7d4e6,37c195d8-0f11-456a-88aa-e35dcf9d1aa8,61a65568-b49d-48e6-a0db-a3bfa0a08530,Pyjama Coton T36,Vetements Femme,3,34.9,15,88.99
b0c996ed-2488-4128-aed7-6b21ef97c55c,37c195d8-0f11-456a-88aa-e35dcf9d1aa8,651625b5-6c3f-416b-893e-adb901976bdb,Coloriage Adulte Zen,Librairie & Culture,2,16.9,15,28.73
13966f8e-7ec9-4666-bb42-516dbaaff771,aad13578-1706-49ac-82fb-af5ed0469cbd,7b86d596-bb3b-461f-a940-e05884ff7f04,Huile Corps 200ml,Hygiene & Beaute,3,16.5,0,49.5
6e3b7356-a401-4f7c-b0b5-c4e14711686f,aad13578-1706-49ac-82fb-af5ed0469cbd,38b659e5-40f5-497d-9e4a-c633ac6e1f12,Puzzle 500 pieces,Enfants & Jouets,3,19.9,10,53.73
e53d9384-c07a-4d61-81f8-7526ab53ea3c,77f288a0-863e-48ce-9e32-b70bff90f762,f32a9b7e-2b33-4534-838c-15f252413c12,Apres-rasage Bois,Hygiene & Beaute,3,22.0,5,62.7
f556e0ef-5604-4758-b2be-7cf53597fea1,efa242f0-df39-478e-bcfb-0e2594bf7a67,1727047f-b6d5-4a4d-9b97-44fa2bc7a04a,Nettoyant Ecran 200ml,Informatique,3,9.9,0,29.7
f3f9fa05-39cd-4e7c-87a8-ceb5f9f8fb77,efa242f0-df39-478e-bcfb-0e2594bf7a67,a8dfdf6e-d009-4d54-b453-8171273c44eb,Shampooing Keratine 300ml,Hygiene & Beaute,2,13.5,5,25.65
796b4623-12b9-42a9-a77d-1142567f2a8c,efa242f0-df39-478e-bcfb-0e2594bf7a67,85fae7c5-2197-47e3-9704-512935b98f03,Ceinture Cuir 95cm,Vetements Homme,1,28.0,0,28.0
42d67429-45a6-4771-bf6c-2a6dc019ee0e,d36b4634-f2e9-4140-a8c9-926a3e946816,c5d9f432-71f0-4abb-8efd-52ebec6d6806,Calecon x2 M,Vetements Homme,3,22.9,0,68.7
67602fde-4a86-4653-a74c-3e60acfa2b5e,d36b4634-f2e9-4140-a8c9-926a3e946816,361412d0-6dd1-4fe2-ac9b-a8defe9d127b,Robe Fleurie T38,Vetements Femme,3,44.9,0,134.7
fa56fe47-6fe4-4331-a77a-66bf14380a62,d36b4634-f2e9-4140-a8c9-926a3e946816,01af6c33-ee76-405e-a57d-ac7a2c08b768,Pot Terracotta,Maison & Jardin,1,16.9,0,16.9
5d26832d-f62f-46b2-8a24-efb1687b4f1a,d36b4634-f2e9-4140-a8c9-926a3e946816,064bae16-3088-4ebe-a393-130278960bff,Masque Hydratant 75ml,Hygiene & Beaute,3,24.5,0,73.5
6db607a9-0403-4c50-8ca5-7e2a12fe80a0,d36b4634-f2e9-4140-a8c9-926a3e946816,49b860d3-8db0-4bec-9423-a58cf287af26,Confiture Artisanale 350g,Alimentation,3,7.2,0,21.6
57463b64-71e2-4e19-81cc-2afda26d22cb,d36b4634-f2e9-4140-a8c9-926a3e946816,b726ad0d-f19b-428f-b2dd-990032ee98fc,Stylo Roller,Librairie & Culture,1,12.9,0,12.9
d33668b9-edf7-4dbb-8ce5-b9c4b2eccd5e,7ed6d92e-158b-464a-962c-3bcf0e3f6f8f,b000e5a6-5167-4c6b-9616-3330fce1b1e8,Batterie Externe 20000mAh,Electronique,4,39.9,0,159.6
c99714df-4ab5-44c9-9e5b-5779ea55b628,7ed6d92e-158b-464a-962c-3bcf0e3f6f8f,8aa1e4f4-aae5-4cc4-98db-69787751225e,Short Sport L,Vetements Homme,2,29.9,10,53.82
d890b901-bfc6-49fd-8b40-3541d1f45767,7ed6d92e-158b-464a-962c-3bcf0e3f6f8f,9599ec1e-da60-4caa-9dd9-934d27bb5865,Chocolat Noir 200g,Alimentation,1,4.2,0,4.2
66af81ed-3adc-4689-ba77-2a968659f854,7ed6d92e-158b-464a-962c-3bcf0e3f6f8f,c74c07e9-8e5d-47b2-955e-01d12a25de99,Parfum Floral 50ml,Hygiene & Beaute,4,45.0,15,153.0
0ffe0656-bc5d-48ad-95b2-9e6d004cae7d,7ed6d92e-158b-464a-962c-3bcf0e3f6f8f,d11f6661-cd48-4f7e-946e-db1adfcdf96a,Casquette Running,Sport & Plein air,1,19.9,0,19.9
60945a36-7abb-4748-87fd-69d37f287cb1,7ed6d92e-158b-464a-962c-3bcf0e3f6f8f,78eb7e80-11d7-4b1c-ab14-c86b0293c0f4,Deodorant Bio 75ml,Hygiene & Beaute,1,8.9,10,8.01
b5eeefd4-b8ce-45c9-bfc8-e3743dd706dd,3e264541-cefe-4336-8dc3-5ba28903dd38,bfc9b22e-c411-4b6a-9bad-60c66b70c4bb,Pate a Modeler x6,Enfants & Jouets,1,16.9,15,14.36
136f19c7-b7d8-419f-a9fd-c7e03870f9f5,01080b72-55cb-4c77-98ec-bd027fd0dfc6,7cde5453-322a-4db6-9b00-c315dc69f56e,Cafe Premium 250g,Alimentation,3,24.9,15,63.49
60a04b8d-b90a-47ea-a1c9-4f18d4abd011,01080b72-55cb-4c77-98ec-bd027fd0dfc6,361412d0-6dd1-4fe2-ac9b-a8defe9d127b,Robe Fleurie T38,Vetements Femme,4,44.9,0,179.6
44c21e72-a60e-48c6-bbe9-8051601059df,628f3985-e34e-474c-958a-c966ca96558f,866b0686-48e0-4391-bdc6-1962087695d1,Dinette Bois 15p,Enfants & Jouets,1,39.9,0,39.9
64cbaa85-ede2-44cd-b5e0-109f2bdbb9ab,628f3985-e34e-474c-958a-c966ca96558f,7e47065f-a924-4cbe-9e36-1c904b74e274,Adaptateur USB-A/C,Informatique,1,11.9,0,11.9
08fc4efb-5723-45a9-892c-02e56a66a799,628f3985-e34e-474c-958a-c966ca96558f,e2ad85e7-f8b1-42d8-af4a-3834ab3a955c,Roman Policier Bestseller,Librairie & Culture,2,21.9,5,41.61
ae7ae355-35a8-475e-b9ff-6a29bb3a5256,628f3985-e34e-474c-958a-c966ca96558f,78eb7e80-11d7-4b1c-ab14-c86b0293c0f4,Deodorant Bio 75ml,Hygiene & Beaute,3,8.9,5,25.37
206cc9cb-b57e-4c60-9130-21e4f02aaf7a,628f3985-e34e-474c-958a-c966ca96558f,1ca7da09-9ac2-4d35-8cbf-d5cbbbecd9fc,Gourde Inox 750ml,Sport & Plein air,3,24.9,0,74.7
23874343-9197-43d5-9b6a-4f81112f4bfa,a8d21481-0d1b-4f73-ae48-36d1ae5de381,b0a95dcf-c2b6-4dc1-8c92-6682e60f1db6,Plante Succulente 12cm,Maison & Jardin,3,9.9,15,25.25
09833d39-3106-4285-9ed0-80d0e420fa40,a8d21481-0d1b-4f73-ae48-36d1ae5de381,a8dfdf6e-d009-4d54-b453-8171273c44eb,Shampooing Keratine 300ml,Hygiene & Beaute,2,13.5,15,22.95
69e7e04d-c0da-4c1b-bb79-3ddab0e55fdf,a8d21481-0d1b-4f73-ae48-36d1ae5de381,e1c1d613-5938-41a1-bf3f-856b675f620a,Pates Artisanales 500g,Alimentation,3,3.8,0,11.4
94d586d3-1a39-457a-bbbe-f95e273f2a33,a8d21481-0d1b-4f73-ae48-36d1ae5de381,f5aff64e-4647-4daf-be5a-e6da77e53f50,Polo Pique L,Vetements Homme,3,39.9,0,119.7
f206986d-eae5-4c18-99c9-c6e64cb8330d,a8d21481-0d1b-4f73-ae48-36d1ae5de381,b000e5a6-5167-4c6b-9616-3330fce1b1e8,Batterie Externe 20000mAh,Electronique,3,39.9,0,119.7
278264b1-8da4-48e8-b716-e2670434a245,a8d21481-0d1b-4f73-ae48-36d1ae5de381,acaef059-6b25-4b00-aab6-8e4cad526bff,Crayons Couleur x24,Enfants & Jouets,2,12.9,5,24.51
9e26095f-e151-4054-9321-34bc75fc4d54,08a20e89-719a-43cc-aa33-2ddb34bed23a,2ae13790-626b-4872-86d1-9ac3982f44ef,Cardigan Long T38,Vetements Femme,1,54.9,5,52.15
b0c1a587-3b06-4448-a7c8-11c10a2fe4a6,08a20e89-719a-43cc-aa33-2ddb34bed23a,acaef059-6b25-4b00-aab6-8e4cad526bff,Crayons Couleur x24,Enfants & Jouets,1,12.9,5,12.25
4470fad6-34dd-4dff-8e9f-44173bf2e001,08a20e89-719a-43cc-aa33-2ddb34bed23a,8aa1e4f4-aae5-4cc4-98db-69787751225e,Short Sport L,Vetements Homme,4,29.9,5,113.62
8962897c-9928-4815-afd7-6a93e05bdc9a,08a20e89-719a-43cc-aa33-2ddb34bed23a,01af6c33-ee76-405e-a57d-ac7a2c08b768,Pot Terracotta,Maison & Jardin,4,16.9,0,67.6
6d9e82ad-6b1c-42fa-b52b-ebf8419e9b2a,08a20e89-719a-43cc-aa33-2ddb34bed23a,8e71516c-5d57-4a0e-b138-ad2a1f0a5752,Filtre Ecran 27,Informatique,3,39.9,0,119.7
0a0f4b8f-1cf8-49e5-b024-58ce88ff0767,5aaecec7-f7f1-4ab2-8f03-442120491f22,29a9e8db-6ad8-401c-bb67-fe312321caec,The Vert Bio,Alimentation,2,6.5,5,12.35
8585dfc8-e90b-461c-b9d7-a5a917938320,5aaecec7-f7f1-4ab2-8f03-442120491f22,2ae13790-626b-4872-86d1-9ac3982f44ef,Cardigan Long T38,Vetements Femme,1,54.9,5,52.15
eaa25940-20e9-4f9c-924c-5c8835296010,5aaecec7-f7f1-4ab2-8f03-442120491f22,1c6a443f-f113-4ea5-9a1d-b88b11a124fa,Gants Fitness M,Sport & Plein air,2,18.9,5,35.91
4b93719a-e5f8-4beb-8439-37838e2889ff,5aaecec7-f7f1-4ab2-8f03-442120491f22,c74c07e9-8e5d-47b2-955e-01d12a25de99,Parfum Floral 50ml,Hygiene & Beaute,1,45.0,10,40.5
d3dfbc08-f748-44c4-861b-48f83e5b2977,5aaecec7-f7f1-4ab2-8f03-442120491f22,f14e8c71-c3ad-4136-80e5-4cb954c4371d,Support Telephone Voiture,Electronique,4,22.0,10,79.2
f5fc7390-d7e2-4aae-acec-5ea8a9d7b19b,7c09cddb-8dab-4481-9849-a605203f85b2,864e1b92-332e-46be-aaa1-ed56c7bec90d,Foulard Soie,Vetements Femme,3,28.0,0,84.0
44230187-4f5a-4cc5-9930-e6f5f013aed9,7c09cddb-8dab-4481-9849-a605203f85b2,78eb7e80-11d7-4b1c-ab14-c86b0293c0f4,Deodorant Bio 75ml,Hygiene & Beaute,4,8.9,5,33.82
0decc92b-60d9-4812-ad46-de814c15c2f3,7c09cddb-8dab-4481-9849-a605203f85b2,f14e8c71-c3ad-4136-80e5-4cb954c4371d,Support Telephone Voiture,Electronique,1,22.0,5,20.9
82034a74-0888-4ad2-a9ff-cb84041a229a,7c09cddb-8dab-4481-9849-a605203f85b2,10697d4c-a898-425b-be16-e5e1d0a29076,Livre Apprentissage 3-6ans,Enfants & Jouets,2,14.9,5,28.31
9eda534a-207d-42e4-a512-7586500d917f,7c09cddb-8dab-4481-9849-a605203f85b2,8aa1e4f4-aae5-4cc4-98db-69787751225e,Short Sport L,Vetements Homme,3,29.9,15,76.24
56528c66-055d-40b2-ba57-cf0f2554c4db,7c09cddb-8dab-4481-9849-a605203f85b2,3c9d9490-d8b2-4232-8727-54e2009847e8,Creme Hydratante 50ml,Hygiene & Beaute,4,18.9,15,64.26
92bb7101-4691-4545-a822-e1aa42bad70e,7d93610f-26bf-4c1d-964b-15cdc6df7a45,a2e73e48-39c0-4e54-92c4-177638ddeb2c,Hub USB-C 7 ports,Electronique,1,44.9,5,42.65
911037de-eff6-4cef-b670-ecbfa3ea6f08,7d93610f-26bf-4c1d-964b-15cdc6df7a45,d5fe0efe-667c-4122-8758-53fef4ac6d3d,Saumon Fume 100g,Alimentation,4,9.5,0,38.0
5813cdc0-e02b-4562-a56d-a5469ae22d24,7d93610f-26bf-4c1d-964b-15cdc6df7a45,78eb7e80-11d7-4b1c-ab14-c86b0293c0f4,Deodorant Bio 75ml,Hygiene & Beaute,1,8.9,15,7.57
c8505b16-a856-4b19-bd66-e19a6662a53b,6a3fb0fe-7782-4a90-8822-3a8b4c2ab5ef,520cd94f-e81a-4830-b86e-3f53a546dace,Guide Voyage Paris 2024,Librairie & Culture,1,18.9,15,16.06
7f2a4ea2-034c-40a9-9f09-0cd711de0afb,6a3fb0fe-7782-4a90-8822-3a8b4c2ab5ef,e1c1d613-5938-41a1-bf3f-856b675f620a,Pates Artisanales 500g,Alimentation,2,3.8,0,7.6
0d02cb65-18f8-4d3d-8492-36ac7ae4d76f,6a3fb0fe-7782-4a90-8822-3a8b4c2ab5ef,064bae16-3088-4ebe-a393-130278960bff,Masque Hydratant 75ml,Hygiene & Beaute,2,24.5,10,44.1
e4de892a-ed79-4c99-a6ee-80465ad80d13,6a3fb0fe-7782-4a90-8822-3a8b4c2ab5ef,e2ad85e7-f8b1-42d8-af4a-3834ab3a955c,Roman Policier Bestseller,Librairie & Culture,1,21.9,0,21.9
21970eee-a6a4-41ac-b694-628bd4be7df6,6a3fb0fe-7782-4a90-8822-3a8b4c2ab5ef,4be4bb9e-1bc2-42b6-b5cb-175be7b68d66,Webcam Full HD,Electronique,4,79.9,15,271.66
b7b2b498-188d-4ce7-9b22-b2643a6a483a,7814a934-6acc-4a63-849e-ecc15d3dadde,917ba3a4-8989-45bc-81c6-8bc0f0ede246,Rouge a Levres Mat,Hygiene & Beaute,3,19.0,0,57.0
d1b3d076-6248-4229-bac4-846e8945731c,7814a934-6acc-4a63-849e-ecc15d3dadde,e740d34e-12de-4a5d-b98c-29a8bef59e3f,BD Manga Tome 1,Librairie & Culture,3,8.5,0,25.5
d3c157ba-a5b8-4fb4-a7ee-e899e1cecf77,7814a934-6acc-4a63-849e-ecc15d3dadde,d16bc416-d44f-4c60-8b27-2ec2a5cf240d,Genouilleres x2,Sport & Plein air,1,22.9,0,22.9
42db3a4c-9fde-42ba-9f12-360c91c95c67,7814a934-6acc-4a63-849e-ecc15d3dadde,3c9d9490-d8b2-4232-8727-54e2009847e8,Creme Hydratante 50ml,Hygiene & Beaute,1,18.9,15,16.06
d766a064-e9be-4a5a-b7c2-2b2cff19f0cb,7814a934-6acc-4a63-849e-ecc15d3dadde,f32a9b7e-2b33-4534-838c-15f252413c12,Apres-rasage Bois,Hygiene & Beaute,1,22.0,10,19.8
251c9c2b-9da0-49cd-aa26-fb1d07da97bd,7814a934-6acc-4a63-849e-ecc15d3dadde,4df4efe8-4f37-4322-a64b-ae3f8be676f8,Blouse Soie T36,Vetements Femme,4,64.9,0,259.6
6f358a43-f8d9-4a42-a55f-629f73637d58,a8715147-cb03-4f06-965d-01bf8a748628,b0a95dcf-c2b6-4dc1-8c92-6682e60f1db6,Plante Succulente 12cm,Maison & Jardin,4,9.9,10,35.64
03bd2e47-e13f-4110-a863-7ec3b6873349,a8715147-cb03-4f06-965d-01bf8a748628,ddb5fbc7-1b4f-487a-9db7-314a08d33310,Cle USB 64Go,Informatique,1,14.9,0,14.9
7145d89c-2890-4633-afff-a6d4f53edb85,a8715147-cb03-4f06-965d-01bf8a748628,9b62048c-fac2-42a6-b2c5-f1465a127437,SSD Externe 500Go,Informatique,3,79.9,15,203.75
69ebfe8d-9022-4177-a389-0c422ce40492,a8715147-cb03-4f06-965d-01bf8a748628,cc93cc31-9fee-4ed3-a125-f60cbf8b292f,Bougies LED x6,Maison & Jardin,3,19.9,15,50.74
6d149aa9-f730-412a-beb2-c29450613672,a8715147-cb03-4f06-965d-01bf8a748628,8aa1e4f4-aae5-4cc4-98db-69787751225e,Short Sport L,Vetements Homme,4,29.9,10,107.64
3de2eed2-f0d0-4787-bb6c-1255b28dca27,d24d0a1a-9869-47de-8534-e653f61c405a,fe54cf3f-3c3f-45bd-9976-e406355c520c,Sac Sport 30L,Sport & Plein air,2,44.9,0,89.8
374465b6-2777-4e1b-938d-467c85c6e8fe,d24d0a1a-9869-47de-8534-e653f61c405a,651625b5-6c3f-416b-893e-adb901976bdb,Coloriage Adulte Zen,Librairie & Culture,4,16.9,10,60.84
457160ca-f12b-4e56-b5d5-fc794d243d33,d24d0a1a-9869-47de-8534-e653f61c405a,57038056-b884-4263-afbc-ab2436c953a1,Cable HDMI 2m,Informatique,4,18.9,0,75.6
3f4a0e3b-b45e-4f53-ab89-ba023e0e4c48,d24d0a1a-9869-47de-8534-e653f61c405a,510db9b3-f3eb-4880-b8c9-6a2ca4832010,Riz Basmati 1kg,Alimentation,3,5.9,15,15.05
33fb62d6-5d87-4d53-aac7-2ca898e4e78f,d24d0a1a-9869-47de-8534-e653f61c405a,e2ad85e7-f8b1-42d8-af4a-3834ab3a955c,Roman Policier Bestseller,Librairie & Culture,2,21.9,0,43.8
27c9c01c-b37b-4c43-b0b0-f6f0b612ddcd,d24d0a1a-9869-47de-8534-e653f61c405a,27e5ddea-3d39-4c7a-b399-ed52b4bb3c0c,Refroidisseur Laptop,Informatique,1,34.9,5,33.15
7b7c0fb9-121c-48e2-ae18-7545433d8ed1,5c444e2e-3746-4475-b22c-98556ecf19e9,d5fe0efe-667c-4122-8758-53fef4ac6d3d,Saumon Fume 100g,Alimentation,2,9.5,0,19.0
9f7e3681-4762-4652-8383-f68877b03cd4,5c444e2e-3746-4475-b22c-98556ecf19e9,8aa1e4f4-aae5-4cc4-98db-69787751225e,Short Sport L,Vetements Homme,1,29.9,10,26.91
edbed5bc-8738-4a90-b677-47878fba3fa6,5c444e2e-3746-4475-b22c-98556ecf19e9,c5d9f432-71f0-4abb-8efd-52ebec6d6806,Calecon x2 M,Vetements Homme,2,22.9,0,45.8
a2aa2f63-068e-4173-bee8-a877bac99c2e,5c444e2e-3746-4475-b22c-98556ecf19e9,f527c161-5d8d-43b9-8ce4-af667a91f42b,Tapis Yoga Antiderapant,Sport & Plein air,3,34.9,0,104.7
a21aced7-e834-4096-a1e7-0fdfc0d3183b,5c444e2e-3746-4475-b22c-98556ecf19e9,c7813958-24a2-40f9-bae8-aa4fba47a26f,Montre Connectee Sport,Electronique,3,129.0,10,348.3
becf91be-dc17-4714-aee1-501a5d2a49e5,5c444e2e-3746-4475-b22c-98556ecf19e9,651625b5-6c3f-416b-893e-adb901976bdb,Coloriage Adulte Zen,Librairie & Culture,2,16.9,0,33.8
80db6b55-28c8-4178-b71f-a1283792ffb7,e3018419-97c8-434f-8065-820a56483cd3,866b0686-48e0-4391-bdc6-1962087695d1,Dinette Bois 15p,Enfants & Jouets,1,39.9,0,39.9
28e077ac-0528-4319-8ff3-12b86dffcd31,e3018419-97c8-434f-8065-820a56483cd3,53d91849-075b-4e7b-b698-ecc816d9f197,Pantalon Tailleur T42,Vetements Femme,4,74.9,5,284.62
316ba49b-7250-43aa-b762-d87a692ee71a,e3018419-97c8-434f-8065-820a56483cd3,a8dfdf6e-d009-4d54-b453-8171273c44eb,Shampooing Keratine 300ml,Hygiene & Beaute,3,13.5,0,40.5
96073d74-c2ab-4d01-a440-95b6ec7536f1,e3018419-97c8-434f-8065-820a56483cd3,49b860d3-8db0-4bec-9423-a58cf287af26,Confiture Artisanale 350g,Alimentation,2,7.2,10,12.96
fe5d12d4-0bfb-4632-a454-dabed4a67daa,e3018419-97c8-434f-8065-820a56483cd3,f527c161-5d8d-43b9-8ce4-af667a91f42b,Tapis Yoga Antiderapant,Sport & Plein air,4,34.9,0,139.6
16686762-1d3d-4b5f-9a21-2f0712cf3408,a0bd2f4f-c774-47e0-b618-6656b86b5bbb,d5fe0efe-667c-4122-8758-53fef4ac6d3d,Saumon Fume 100g,Alimentation,3,9.5,0,28.5
7760257d-25db-4540-90f5-90d44b137319,a0bd2f4f-c774-47e0-b618-6656b86b5bbb,1e68c96e-2a75-49f5-aa8e-131be96519c7,Casque Audio ANC,Electronique,2,189.0,15,321.3
2417b32a-6c61-4ea7-a4f4-7a6e58ba5580,a0bd2f4f-c774-47e0-b618-6656b86b5bbb,78eb7e80-11d7-4b1c-ab14-c86b0293c0f4,Deodorant Bio 75ml,Hygiene & Beaute,3,8.9,10,24.03
2abc63f3-c5a4-4fe8-a28a-bc33fedc71b9,a0bd2f4f-c774-47e0-b618-6656b86b5bbb,510db9b3-f3eb-4880-b8c9-6a2ca4832010,Riz Basmati 1kg,Alimentation,4,5.9,10,21.24
b85af81c-128f-4192-be61-389e1cd19994,7e96c6fe-aeb9-415d-9b8a-7bfbc89fbdf8,38b659e5-40f5-497d-9e4a-c633ac6e1f12,Puzzle 500 pieces,Enfants & Jouets,4,19.9,0,79.6
bdc2b50c-dbe4-4fc2-a499-c7ba5d6f212d,7e96c6fe-aeb9-415d-9b8a-7bfbc89fbdf8,d5fe0efe-667c-4122-8758-53fef4ac6d3d,Saumon Fume 100g,Alimentation,3,9.5,10,25.65
1234bcb1-c1d2-491c-809d-367984025b38,7e96c6fe-aeb9-415d-9b8a-7bfbc89fbdf8,b00c7319-8ff5-4884-9b70-270bd105fe2b,Jeu de Societe Famille,Enfants & Jouets,2,32.0,0,64.0
b9a7a4d9-e74b-476c-a9b6-9362f2a9fc95,7e96c6fe-aeb9-415d-9b8a-7bfbc89fbdf8,2ae13790-626b-4872-86d1-9ac3982f44ef,Cardigan Long T38,Vetements Femme,2,54.9,15,93.33
bffc6183-acd5-4174-a644-f8cdc52d1d73,c2ee71e8-c0e2-4810-9851-49e26efb8af5,e1c1d613-5938-41a1-bf3f-856b675f620a,Pates Artisanales 500g,Alimentation,2,3.8,10,6.84
65f121c7-e301-4a09-9eea-5fe3837dae84,c2ee71e8-c0e2-4810-9851-49e26efb8af5,f527c161-5d8d-43b9-8ce4-af667a91f42b,Tapis Yoga Antiderapant,Sport & Plein air,1,34.9,0,34.9
db2b60a8-584f-414e-b82b-60a3dda377b5,c2ee71e8-c0e2-4810-9851-49e26efb8af5,064bae16-3088-4ebe-a393-130278960bff,Masque Hydratant 75ml,Hygiene & Beaute,1,24.5,10,22.05
62a790b7-c948-4eac-b6b5-8632e9771d6b,c2ee71e8-c0e2-4810-9851-49e26efb8af5,9b62048c-fac2-42a6-b2c5-f1465a127437,SSD Externe 500Go,Informatique,3,79.9,10,215.73
e1c6e56b-12b0-4133-8f77-8e7685654d3e,c2ee71e8-c0e2-4810-9851-49e26efb8af5,1727047f-b6d5-4a4d-9b97-44fa2bc7a04a,Nettoyant Ecran 200ml,Informatique,1,9.9,5,9.4
3c499b6b-4f9a-4cc5-9be1-14cfe5b78a9c,c2ee71e8-c0e2-4810-9851-49e26efb8af5,55f29394-9142-446c-bd17-72da4eeb262f,T-shirt Coton Bio M,Vetements Homme,2,24.9,5,47.31
723d0b22-5f4c-4949-af1f-5bd23ff3c6bf,57ef6aba-ab04-43b4-b32a-8bfdc8f224b9,78eb7e80-11d7-4b1c-ab14-c86b0293c0f4,Deodorant Bio 75ml,Hygiene & Beaute,4,8.9,0,35.6
f3e74f3b-0f36-4449-9093-d605fe772353,57ef6aba-ab04-43b4-b32a-8bfdc8f224b9,acaef059-6b25-4b00-aab6-8e4cad526bff,Crayons Couleur x24,Enfants & Jouets,4,12.9,5,49.02
3acdf9ba-cfdd-43f8-bfa8-b2397d109bbe,57ef6aba-ab04-43b4-b32a-8bfdc8f224b9,510db9b3-f3eb-4880-b8c9-6a2ca4832010,Riz Basmati 1kg,Alimentation,2,5.9,0,11.8
cffbc540-b29e-4b5c-857f-b6d98fe43899,57ef6aba-ab04-43b4-b32a-8bfdc8f224b9,ab306a81-903f-4e7a-889d-9a59fda99a8b,Carte SD 128Go,Informatique,3,24.9,0,74.7
d92d0fe3-e9a1-415f-98eb-0207d766dbc1,4e433782-7d81-404b-9529-4a4a3c10c24d,53d91849-075b-4e7b-b698-ecc816d9f197,Pantalon Tailleur T42,Vetements Femme,2,74.9,0,149.8
de69a41d-b133-42e2-a7f6-d77d4a6dd9db,4e433782-7d81-404b-9529-4a4a3c10c24d,9599ec1e-da60-4caa-9dd9-934d27bb5865,Chocolat Noir 200g,Alimentation,3,4.2,0,12.6
042ee3e5-06bf-4ef9-957a-40a5ee2641e4,4e433782-7d81-404b-9529-4a4a3c10c24d,510db9b3-f3eb-4880-b8c9-6a2ca4832010,Riz Basmati 1kg,Alimentation,2,5.9,5,11.21
5ca72fd2-878f-46e8-aa6f-df64f7ca989c,4e433782-7d81-404b-9529-4a4a3c10c24d,921d0b8d-f098-4b94-8af6-502274942eed,Legging Sport T40,Vetements Femme,3,32.9,0,98.7
f9448565-fb6d-44f9-85d6-8c0e3b763b7f,4e433782-7d81-404b-9529-4a4a3c10c24d,a8dfdf6e-d009-4d54-b453-8171273c44eb,Shampooing Keratine 300ml,Hygiene & Beaute,2,13.5,0,27.0
54dae8bd-e8cf-49aa-a6bb-41b8532b9394,5342ae8a-afcf-45b2-9e31-0fac658c41b0,65e63e2c-d330-45cf-8314-afa60fac661b,Corde a Sauter Pro,Sport & Plein air,3,16.9,10,45.63
33376ed9-8ff0-4187-9637-2ad6e3a9ecc0,5342ae8a-afcf-45b2-9e31-0fac658c41b0,f527c161-5d8d-43b9-8ce4-af667a91f42b,Tapis Yoga Antiderapant,Sport & Plein air,3,34.9,5,99.46
03d49cc1-ab25-4479-b31f-91f59fa61ec5,5342ae8a-afcf-45b2-9e31-0fac658c41b0,ca2a57f5-bd68-4625-8ca2-08b564bf8af1,Jean Slim 32/32,Vetements Homme,4,59.9,0,239.6
13e49459-3622-4b3e-9a05-da7b48f89671,5342ae8a-afcf-45b2-9e31-0fac658c41b0,1b0588e4-76ce-46c2-bc64-96c88d0a1f08,Lampe Bureau LED,Maison & Jardin,3,39.9,10,107.73
725c0d5b-6766-4e97-80d5-d6e87c7d07a8,5342ae8a-afcf-45b2-9e31-0fac658c41b0,78eb7e80-11d7-4b1c-ab14-c86b0293c0f4,Deodorant Bio 75ml,Hygiene & Beaute,4,8.9,15,30.26
9cc33227-fae4-4308-a550-594f858d7b2d,5342ae8a-afcf-45b2-9e31-0fac658c41b0,e1c1d613-5938-41a1-bf3f-856b675f620a,Pates Artisanales 500g,Alimentation,2,3.8,0,7.6
a1a7bb61-41a7-424e-8806-f2f4a8eb0fae,ec608ff0-a60c-4bf8-80d9-4b3a6d65e870,2798ff21-b62e-41cc-a2a8-f3e585ee5376,Resistance Elastique x5,Sport & Plein air,4,22.9,10,82.44
17a474cd-39a4-4f96-bd78-51844e59db48,ec608ff0-a60c-4bf8-80d9-4b3a6d65e870,b000e5a6-5167-4c6b-9616-3330fce1b1e8,Batterie Externe 20000mAh,Electronique,3,39.9,0,119.7
0e3aefc9-449f-4700-bb97-0b8d64f2fbaf,ec608ff0-a60c-4bf8-80d9-4b3a6d65e870,9b62048c-fac2-42a6-b2c5-f1465a127437,SSD Externe 500Go,Informatique,4,79.9,0,319.6
5ae343f9-4a1b-4650-a532-15eda90354d1,ec608ff0-a60c-4bf8-80d9-4b3a6d65e870,27e5ddea-3d39-4c7a-b399-ed52b4bb3c0c,Refroidisseur Laptop,Informatique,3,34.9,5,99.46
868d7fa1-2afa-4e03-9e1d-6e9906d522ae,ec608ff0-a60c-4bf8-80d9-4b3a6d65e870,c7813958-24a2-40f9-bae8-aa4fba47a26f,Montre Connectee Sport,Electronique,2,129.0,15,219.3
23179dc7-be84-473e-8265-f33f01b77fe2,32b02421-3e31-492c-90f5-381e51ccb205,d16bc416-d44f-4c60-8b27-2ec2a5cf240d,Genouilleres x2,Sport & Plein air,2,22.9,15,38.93
871032c2-e66b-4590-8445-f4f561c2f00e,32b02421-3e31-492c-90f5-381e51ccb205,2ae13790-626b-4872-86d1-9ac3982f44ef,Cardigan Long T38,Vetements Femme,3,54.9,15,139.99
36eaafa3-287f-4ed4-bc51-f8cc20d1f3aa,0a44f120-40c6-4996-90ca-832b0f881fc6,a2e73e48-39c0-4e54-92c4-177638ddeb2c,Hub USB-C 7 ports,Electronique,4,44.9,0,179.6
4f22b027-556c-4970-bbe1-536aa596751b,0a44f120-40c6-4996-90ca-832b0f881fc6,6efd53c2-2042-4891-869f-044486bc1ce4,Cartes Postales x20,Librairie & Culture,3,14.9,0,44.7
51acf338-0dc5-4fab-8630-bed5dea34cee,0a44f120-40c6-4996-90ca-832b0f881fc6,2ae13790-626b-4872-86d1-9ac3982f44ef,Cardigan Long T38,Vetements Femme,4,54.9,0,219.6
0dafd8d8-e134-4a9d-bc72-af3a27951936,aedd4fea-c14a-4690-9bc5-6c7e736a1057,866b0686-48e0-4391-bdc6-1962087695d1,Dinette Bois 15p,Enfants & Jouets,1,39.9,15,33.91
a8e72ebb-7942-4844-aec0-1be2d8914430,aedd4fea-c14a-4690-9bc5-6c7e736a1057,27e5ddea-3d39-4c7a-b399-ed52b4bb3c0c,Refroidisseur Laptop,Informatique,2,34.9,5,66.31
6e977b2a-546c-4df7-941d-0745438a38cb,aedd4fea-c14a-4690-9bc5-6c7e736a1057,57038056-b884-4263-afbc-ab2436c953a1,Cable HDMI 2m,Informatique,2,18.9,10,34.02
5d5138ac-5b1d-44d9-a1ae-6367226c4c40,aedd4fea-c14a-4690-9bc5-6c7e736a1057,38b659e5-40f5-497d-9e4a-c633ac6e1f12,Puzzle 500 pieces,Enfants & Jouets,3,19.9,5,56.71
af48c57b-b32d-40bd-804a-752d282bfafb,7d68d7de-7a68-47ac-8105-83909534d4d7,7e47065f-a924-4cbe-9e36-1c904b74e274,Adaptateur USB-A/C,Informatique,1,11.9,15,10.12
e904245e-8f86-4112-98f7-a6cf3adeecab,7d68d7de-7a68-47ac-8105-83909534d4d7,97ab6030-7b11-401c-a327-fe869e97cd1a,Souris sans fil,Electronique,1,35.9,10,32.31
e0ffa0da-6809-4dbe-a472-80f9ef57d6da,8669a947-18d0-4109-a5c0-4eef61df28d8,de5969e3-b41b-44d8-a044-dfd64a6eda37,Ecouteurs Bluetooth,Electronique,2,59.9,10,107.82
a0f3c711-dae4-472a-a45c-59fa44243141,8669a947-18d0-4109-a5c0-4eef61df28d8,e1c1d613-5938-41a1-bf3f-856b675f620a,Pates Artisanales 500g,Alimentation,4,3.8,10,13.68
29ea0f4a-d5ca-40eb-8cd9-145ce578c0a9,8669a947-18d0-4109-a5c0-4eef61df28d8,78eb7e80-11d7-4b1c-ab14-c86b0293c0f4,Deodorant Bio 75ml,Hygiene & Beaute,3,8.9,15,22.7
067ae4f7-7afc-43a6-a005-8de356f85199,8669a947-18d0-4109-a5c0-4eef61df28d8,b000e5a6-5167-4c6b-9616-3330fce1b1e8,Batterie Externe 20000mAh,Electronique,3,39.9,5,113.71
575a5416-1a7b-49ea-b7dc-80cf68921282,8669a947-18d0-4109-a5c0-4eef61df28d8,b726ad0d-f19b-428f-b2dd-990032ee98fc,Stylo Roller,Librairie & Culture,3,12.9,5,36.77
6320c97d-663a-4880-bae4-9eaea5af6beb,8669a947-18d0-4109-a5c0-4eef61df28d8,921d0b8d-f098-4b94-8af6-502274942eed,Legging Sport T40,Vetements Femme,3,32.9,0,98.7
a8afef7c-156d-4fda-9147-d542cd4da5fc,8b9a45d2-35c3-4d7c-ba30-2d9d4241a6f8,1c730876-e2d5-4a51-afd1-7b1b4f0c16c6,Bidon Velo 600ml,Sport & Plein air,4,14.9,15,50.66
3d127c69-59cd-40fb-ae86-7e9e15b300ab,8b9a45d2-35c3-4d7c-ba30-2d9d4241a6f8,ddb5fbc7-1b4f-487a-9db7-314a08d33310,Cle USB 64Go,Informatique,4,14.9,15,50.66
63512827-9e5b-4a7e-8b81-65d17d08ac2d,8b9a45d2-35c3-4d7c-ba30-2d9d4241a6f8,463133c4-69e7-4459-8842-db3c346fd495,Bougie Parfumee Vanille,Maison & Jardin,4,14.9,0,59.6
2915f069-90fe-4484-8f8b-1b192a3bc8ec,8b9a45d2-35c3-4d7c-ba30-2d9d4241a6f8,57038056-b884-4263-afbc-ab2436c953a1,Cable HDMI 2m,Informatique,1,18.9,10,17.01
b8379cd3-796f-4d71-8007-3dc96c95d5f1,8b9a45d2-35c3-4d7c-ba30-2d9d4241a6f8,a2aa398f-fa8d-4ccf-846e-d797ac5ce4b5,Peluche Lapin 40cm,Enfants & Jouets,2,24.9,10,44.82
eb200744-f0dc-4443-8f4b-23690c7ec784,8b9a45d2-35c3-4d7c-ba30-2d9d4241a6f8,c7813958-24a2-40f9-bae8-aa4fba47a26f,Montre Connectee Sport,Electronique,4,129.0,10,464.4
16c29773-9897-4610-94ee-25ae8b2d2ba7,b6b069ef-b1c3-4d2c-8c58-998a2ab42b91,761bad86-b047-4953-ae1f-136850ddf0a0,Chronometre Digital,Sport & Plein air,3,19.9,0,59.7
2556f23e-9297-44e9-9ad6-e9b1e7658bce,b6b069ef-b1c3-4d2c-8c58-998a2ab42b91,97964f62-3dac-4d03-9b25-98b2e481a971,Repose-poignet Gel,Informatique,4,14.9,10,53.64
ce7ec0b4-0f8f-47dc-bbf9-36c49cd62f96,b6b069ef-b1c3-4d2c-8c58-998a2ab42b91,520cd94f-e81a-4830-b86e-3f53a546dace,Guide Voyage Paris 2024,Librairie & Culture,1,18.9,0,18.9
72fe38ff-4d85-494c-98e1-e0c5228cc90b,b6b069ef-b1c3-4d2c-8c58-998a2ab42b91,ab306a81-903f-4e7a-889d-9a59fda99a8b,Carte SD 128Go,Informatique,2,24.9,0,49.8
ecdf590a-0b80-412f-a122-68060d5bedca,b6b069ef-b1c3-4d2c-8c58-998a2ab42b91,10697d4c-a898-425b-be16-e5e1d0a29076,Livre Apprentissage 3-6ans,Enfants & Jouets,2,14.9,15,25.33
